date,open,close
2010-09-09,51.25,50.66
2010-09-10,50.84,50.89
2010-09-13,51.48,51.53
2010-09-14,51.42,51.519
2010-09-15,51.31,51.65
2010-09-16,51.51,51.63
2010-09-17,51.94,51.68
2010-09-20,51.87,52.52
2010-09-21,52.51,52.36
2010-09-22,52.28,52.08
2010-09-23,51.66,51.653
2010-09-24,51.97,52.42
2010-09-27,52.49,52.17
2010-09-28,52.159,52.51
2010-09-29,52.29,52.26
2010-09-30,52.6,52.18
2010-10-01,52.54,52.36
2010-10-04,52.63,51.92
2010-10-05,52.51,53.058
2010-10-06,106.12,105.82
2010-10-07,53.25,52.94
2010-10-08,53.01,53.34
2010-10-11,53.36,53.25
2010-10-12,53.19,53.56
2010-10-13,53.79,53.88
2010-10-14,53.85,53.68
2010-10-15,54.02,53.78
2010-10-18,53.81,54.17
2010-10-19,53.57,53.31
2010-10-20,53.47,53.88
2010-10-21,54.13,53.96
2010-10-22,54.08,54.09
2010-10-25,54.51,54.25
2010-10-26,53.96,54.24
2010-10-27,53.87,54.07
2010-10-28,54.38,54.11
2010-10-29,54.05,54.15
2010-11-01,54.46,54.18
2010-11-02,54.61,54.6
2010-11-03,54.71,54.83
2010-11-04,55.45,55.86
2010-11-05,55.95,56.08
2010-11-08,55.94,56.01
2010-11-09,56.09,55.57
2010-11-10,55.58,55.78
2010-11-11,55.34,55.6
2010-11-12,55.2,54.91
2010-11-15,55.15,54.86
2010-11-16,54.51,53.98
2010-11-17,54.03,54.02
2010-11-18,54.54,54.82
2010-11-19,54.75,54.95
2010-11-22,54.71,54.9
2010-11-23,54.28,54.13
2010-11-24,54.47,54.83
2010-11-26,54.48,54.52
2010-11-29,54.18,54.467
2010-11-30,53.98,54.09
2010-12-01,54.96,55.31
2010-12-02,55.37,56.03
2010-12-03,55.83,56.17
2010-12-06,56.08,56.1
2010-12-07,56.67,56.12
2010-12-08,56.2,56.35
2010-12-09,56.67,56.56
2010-12-10,56.74,56.9
2010-12-13,57.16,56.93
2010-12-14,57.06,56.96
2010-12-15,56.87,56.71
2010-12-16,56.78,57.04
2010-12-17,57.0,57.12
2010-12-20,57.29,57.24
2010-12-21,57.43,57.59
2010-12-22,57.67,57.8
2010-12-23,57.72,57.71
2010-12-27,57.23,57.49
2010-12-28,57.61,57.55
2010-12-29,57.66,57.6
2010-12-30,57.56,57.51
2010-12-31,57.43,57.57
2011-01-03,57.97,58.11
2011-01-04,58.28,58.06
2011-01-05,57.93,58.37
2011-01-06,58.42,58.27
2011-01-07,58.35,58.153
2011-01-10,57.94,58.1
2011-01-11,58.33,58.29
2011-01-12,58.66,58.81
2011-01-13,58.84,58.73
2011-01-14,58.65,59.15
2011-01-18,59.13,59.25
2011-01-19,59.22,58.66
2011-01-20,58.54,58.588
2011-01-21,58.95,58.72
2011-01-24,58.7,59.08
2011-01-25,58.9,59.06
2011-01-26,59.22,59.37
2011-01-27,59.34,59.45
2011-01-28,59.54,58.402
2011-01-31,58.61,58.85
2011-02-01,59.24,59.77
2011-02-02,59.62,59.67
2011-02-03,59.6,59.82
2011-02-04,59.85,59.98
2011-02-07,60.15,60.359
2011-02-08,60.44,60.64
2011-02-09,60.49,60.49
2011-02-10,60.2,60.51
2011-02-11,60.3,60.89
2011-02-14,60.86,61.04
2011-02-15,60.86,60.824
2011-02-16,61.05,61.21
2011-02-17,61.03,61.44
2011-02-18,61.48,61.54
2011-02-22,60.84,60.28
2011-02-23,60.25,59.94
2011-02-24,59.83,59.88
2011-02-25,60.17,60.53
2011-02-28,60.77,60.89
2011-03-01,61.14,59.85
2011-03-02,59.81,60.02
2011-03-03,60.54,61.05
2011-03-04,61.03,60.6
2011-03-07,60.8,60.07
2011-03-08,60.21,60.63
2011-03-09,60.53,60.56
2011-03-10,59.94,59.45
2011-03-11,59.2,59.85
2011-03-14,59.48,59.5
2011-03-15,57.91,58.839
2011-03-16,58.63,57.72
2011-03-17,58.57,58.44
2011-03-18,59.2,58.69
2011-03-21,59.42,59.58
2011-03-22,59.59,59.37
2011-03-23,59.26,59.56
2011-03-24,59.91,60.115
2011-03-25,60.01,60.03
2011-03-28,60.19,59.9
2011-03-29,59.85,60.292
2011-03-30,60.62,60.7
2011-03-31,60.65,60.62
2011-04-01,61.06,60.9
2011-04-04,61.05,60.93
2011-04-05,60.78,60.93
2011-04-06,61.24,61.11
2011-04-07,61.03,61.0
2011-04-08,61.25,60.77
2011-04-11,60.84,60.564
2011-04-12,60.25,60.12
2011-04-13,60.42,60.14
2011-04-14,59.79,60.15
2011-04-15,60.25,60.36
2011-04-18,59.65,59.7
2011-04-19,59.81,60.07
2011-04-20,60.79,60.88
2011-04-21,61.19,61.149
2011-04-25,61.16,61.09
2011-04-26,61.31,61.624
2011-04-27,61.78,62.02
2011-04-28,61.95,62.22
2011-04-29,62.25,62.4
2011-05-02,62.72,62.26
2011-05-03,62.18,62.06
2011-05-04,62.05,61.639
2011-05-05,61.31,61.102
2011-05-06,61.74,61.39
2011-05-09,61.4,61.64
2011-05-10,61.83,62.145
2011-05-11,62.06,61.49
2011-05-12,61.34,61.82
2011-05-13,61.81,61.284
2011-05-16,61.1,60.9
2011-05-17,60.68,60.89
2011-05-18,60.95,61.46
2011-05-19,61.67,61.54
2011-05-20,61.43,61.125
2011-05-23,60.35,60.4
2011-05-24,60.58,60.35
2011-05-25,60.08,60.55
2011-05-26,60.39,60.79
2011-05-27,60.99,61.056
2011-05-31,61.65,61.67
2011-06-01,61.52,60.3
2011-06-02,60.35,60.23
2011-06-03,59.5,59.65
2011-06-06,59.53,59.02
2011-06-07,59.26,58.94
2011-06-08,58.85,58.7
2011-06-09,58.89,59.149
2011-06-10,58.92,58.32
2011-06-13,58.45,58.36
2011-06-14,58.91,59.11
2011-06-15,58.64,58.08
2011-06-16,58.1,58.19
2011-06-17,58.74,58.35
2011-06-20,58.17,58.68
2011-06-21,58.97,59.48
2011-06-22,59.33,59.13
2011-06-23,58.42,58.932
2011-06-24,58.66,58.0
2011-06-27,58.04,58.49
2011-06-28,58.74,59.24
2011-06-29,59.55,59.77
2011-06-30,59.97,60.34
2011-07-01,60.37,61.25
2011-07-05,61.2,61.15
2011-07-06,61.04,61.24
2011-07-07,61.79,61.91
2011-07-08,61.2,61.49
2011-07-11,60.72,60.35
2011-07-12,60.23,60.08
2011-07-13,60.41,60.29
2011-07-14,60.46,59.9
2011-07-15,60.23,60.23
2011-07-18,59.97,59.72
2011-07-19,60.07,60.69
2011-07-20,60.88,60.69
2011-07-21,61.0,61.5
2011-07-22,61.5,61.55
2011-07-25,60.94,61.2
2011-07-26,61.16,60.94
2011-07-27,60.6,59.73
2011-07-28,59.71,59.56
2011-07-29,58.98,59.1
2011-08-01,59.89,58.89
2011-08-02,58.48,57.421
2011-08-03,57.48,57.71
2011-08-04,56.94,55.01
2011-08-05,55.69,54.89
2011-08-08,53.01,51.37
2011-08-09,52.2,53.67
2011-08-10,52.73,51.34
2011-08-11,51.86,53.59
2011-08-12,54.24,54.022
2011-08-15,54.55,55.13
2011-08-16,54.61,54.66
2011-08-17,55.0,54.72
2011-08-18,53.29,52.45
2011-08-19,51.68,51.45
2011-08-22,52.66,51.49
2011-08-23,51.76,53.27
2011-08-24,53.16,54.0
2011-08-25,54.36,53.19
2011-08-26,52.83,53.89
2011-08-29,54.67,55.46
2011-08-30,55.25,55.56
2011-08-31,55.99,55.84
2011-09-01,55.87,55.3
2011-09-02,54.16,53.87
2011-09-06,52.36,53.5
2011-09-07,54.36,55.01
2011-09-08,54.67,54.43
2011-09-09,53.83,53.0
2011-09-12,52.35,53.38
2011-09-13,53.55,53.82
2011-09-14,54.13,54.58
2011-09-15,55.17,55.52
2011-09-16,55.72,55.85
2011-09-19,54.93,55.33
2011-09-20,55.56,55.24
2011-09-21,55.3,53.57
2011-09-22,52.1,51.89
2011-09-23,51.3,51.84
2011-09-26,52.36,53.1
2011-09-27,54.22,53.71
2011-09-28,53.85,52.64
2011-09-29,53.53,53.02
2011-09-30,52.28,51.76
2011-10-03,51.41,50.17
2011-10-04,49.57,51.27
2011-10-05,51.44,52.29
2011-10-06,52.26,53.3
2011-10-07,53.58,52.89
2011-10-10,53.87,54.68
2011-10-11,54.38,54.66
2011-10-12,55.14,55.16
2011-10-13,54.85,55.08
2011-10-14,55.75,55.99
2011-10-17,55.74,54.94
2011-10-18,54.92,56.04
2011-10-19,55.92,55.34
2011-10-20,55.5,55.59
2011-10-21,56.25,56.66
2011-10-24,56.78,57.38
2011-10-25,57.09,56.27
2011-10-26,56.88,56.81
2011-10-27,58.39,58.77
2011-10-28,58.52,58.83
2011-10-31,58.13,57.32
2011-11-01,55.77,55.8
2011-11-02,56.634,56.68
2011-11-03,57.32,57.73
2011-11-04,57.23,57.398
2011-11-07,57.32,57.73
2011-11-08,58.05,58.42
2011-11-09,57.12,56.31
2011-11-10,57.05,56.82
2011-11-11,57.52,57.932
2011-11-14,57.71,57.37
2011-11-15,57.26,57.67
2011-11-16,57.1,56.74
2011-11-17,56.63,55.83
2011-11-18,56.01,55.75
2011-11-21,54.95,54.75
2011-11-22,54.6,54.46
2011-11-23,54.0,53.31
2011-11-25,53.2,53.15
2011-11-28,54.63,54.74
2011-11-29,54.88,54.9
2011-11-30,56.45,57.15
2011-12-01,57.07,57.11
2011-12-02,57.7,57.08
2011-12-05,58.0,57.7
2011-12-06,57.69,57.75
2011-12-07,57.55,57.94
2011-12-08,57.51,56.69
2011-12-09,56.94,57.65
2011-12-12,57.14,56.82
2011-12-13,57.11,56.28
2011-12-14,56.05,55.65
2011-12-15,56.26,55.86
2011-12-16,56.26,55.9
2011-12-19,56.14,55.33
2011-12-20,56.17,56.98
2011-12-21,56.95,57.15
2011-12-22,57.35,57.69
2011-12-23,57.48,57.8
2011-12-27,57.69,57.86
2011-12-28,57.86,57.15
2011-12-29,57.31,57.67
2011-12-30,57.66,57.45
2012-01-03,58.45,58.3
2012-01-04,58.22,58.4
2012-01-05,58.14,58.59
2012-01-06,58.65,58.47
2012-01-09,58.57,58.56
2012-01-10,59.18,59.06
2012-01-11,58.89,59.12
2012-01-12,59.26,59.25
2012-01-13,58.85,59.0
2012-01-17,59.49,59.16
2012-01-18,59.16,59.82
2012-01-19,60.0,60.14
2012-01-20,60.04,60.14
2012-01-23,60.14,60.2
2012-01-24,59.84,60.11
2012-01-25,60.04,60.64
2012-01-26,60.93,60.33
2012-01-27,60.02,60.25
2012-01-30,59.7,60.05
2012-01-31,60.4,60.02
2012-02-01,60.5,60.59
2012-02-02,60.72,60.71
2012-02-03,61.3,61.57
2012-02-06,61.29,61.48
2012-02-07,61.38,61.67
2012-02-08,61.7,61.8
2012-02-09,61.95,61.87
2012-02-10,61.34,61.45
2012-02-13,61.89,61.92
2012-02-14,61.75,61.834
2012-02-15,62.05,61.56
2012-02-16,61.56,62.23
2012-02-17,62.45,62.38
2012-02-21,62.55,62.42
2012-02-22,62.3,62.21
2012-02-23,62.19,62.51
2012-02-24,62.64,62.6
2012-02-27,62.22,62.71
2012-02-28,62.77,62.93
2012-02-29,63.02,62.59
2012-03-01,62.82,63.0
2012-03-02,62.98,62.83
2012-03-05,62.71,62.56
2012-03-06,61.9,61.58
2012-03-07,61.79,62.07
2012-03-08,62.46,62.67
2012-03-09,62.81,62.91
2012-03-12,62.93,62.94
2012-03-13,63.29,64.07
2012-03-14,64.1,64.02
2012-03-15,64.11,64.35
2012-03-16,64.51,64.44
2012-03-19,64.44,64.71
2012-03-20,64.36,64.53
2012-03-21,64.55,64.43
2012-03-22,63.95,63.93
2012-03-23,64.03,64.18
2012-03-26,64.34,64.76
2012-03-27,64.85,64.58
2012-03-28,64.56,64.27
2012-03-29,63.89,64.16
2012-03-30,64.46,64.37
2012-04-02,64.37,64.89
2012-04-03,64.77,64.64
2012-04-04,64.13,63.96
2012-04-05,63.76,63.94
2012-04-09,63.15,63.23
2012-04-10,63.11,62.13
2012-04-11,62.83,62.64
2012-04-12,62.71,63.5
2012-04-13,63.35,62.74
2012-04-16,63.08,62.67
2012-04-17,63.08,63.63
2012-04-18,63.36,63.41
2012-04-19,63.43,63.0
2012-04-20,63.29,63.1
2012-04-23,62.47,62.56
2012-04-24,62.62,62.79
2012-04-25,63.42,63.67
2012-04-26,63.56,64.11
2012-04-27,64.33,64.24
2012-04-30,64.11,63.96
2012-05-01,63.98,64.38
2012-05-02,64.03,64.18
2012-05-03,64.23,63.71
2012-05-04,63.38,62.67
2012-05-07,62.45,62.72
2012-05-08,62.35,62.45
2012-05-09,61.8,62.1
2012-05-10,62.57,62.21
2012-05-11,61.85,62.01
2012-05-14,61.43,61.35
2012-05-15,61.29,61.01
2012-05-16,61.26,60.75
2012-05-17,60.79,59.83
2012-05-18,60.08,59.36
2012-05-21,59.52,60.36
2012-05-22,60.54,60.49
2012-05-23,60.05,60.49
2012-05-24,60.69,60.6
2012-05-25,60.61,60.46
2012-05-29,60.94,61.15
2012-05-30,60.65,60.27
2012-05-31,60.27,60.12
2012-06-01,59.17,58.65
2012-06-04,58.72,58.63
2012-06-05,58.48,58.97
2012-06-06,59.46,60.38
2012-06-07,61.06,60.37
2012-06-08,60.3,60.87
2012-06-11,61.4,60.13
2012-06-12,60.29,60.83
2012-06-13,60.62,60.43
2012-06-14,60.54,61.1
2012-06-15,61.31,61.64
2012-06-18,61.44,61.77
2012-06-19,62.1,62.4
2012-06-20,62.42,62.3
2012-06-21,62.39,60.93
2012-06-22,61.24,61.37
2012-06-25,60.42,60.08
2012-06-26,60.24,60.37
2012-06-27,60.58,60.91
2012-06-28,60.52,60.77
2012-06-29,61.86,62.28
2012-07-02,62.45,62.45
2012-07-03,62.45,62.86
2012-07-05,62.67,62.59
2012-07-06,61.99,62.01
2012-07-09,61.97,61.93
2012-07-10,62.23,61.36
2012-07-11,61.39,61.37
2012-07-12,61.02,61.05
2012-07-13,61.24,62.09
2012-07-16,61.95,61.95
2012-07-17,62.2,62.39
2012-07-18,62.24,62.84
2012-07-19,62.99,63.0
2012-07-20,62.65,62.42
2012-07-23,61.51,61.8
2012-07-24,61.85,61.31
2012-07-25,61.41,61.27
2012-07-26,62.19,62.27
2012-07-27,62.63,63.47
2012-07-30,63.38,63.44
2012-07-31,63.36,63.03
2012-08-01,63.44,62.96
2012-08-02,62.5,62.52
2012-08-03,63.42,63.74
2012-08-06,63.94,63.91
2012-08-07,64.15,64.2
2012-08-08,63.98,64.27
2012-08-09,64.21,64.34
2012-08-10,64.1,64.44
2012-08-13,64.33,64.39
2012-08-14,64.64,64.42
2012-08-15,64.38,64.49
2012-08-16,64.57,64.93
2012-08-17,65.07,65.08
2012-08-20,64.99,65.06
2012-08-21,65.22,64.86
2012-08-22,64.69,64.87
2012-08-23,64.75,64.36
2012-08-24,64.23,64.76
2012-08-27,64.93,64.76
2012-08-28,64.61,64.7
2012-08-29,64.75,64.76
2012-08-30,64.46,64.27
2012-08-31,64.65,64.61
2012-09-04,64.57,64.44
2012-09-05,64.58,64.44
2012-09-06,64.87,65.78
2012-09-07,65.9,66.05
2012-09-10,65.99,65.66
2012-09-11,65.73,65.84
2012-09-12,66.1,66.05
2012-09-13,66.08,67.1
2012-09-14,67.22,67.38
2012-09-17,67.25,67.18
2012-09-18,67.07,67.11
2012-09-19,67.19,67.16
2012-09-20,66.84,67.15
2012-09-21,67.48,67.11
2012-09-24,66.45,66.68
2012-09-25,66.83,66.0
2012-09-26,65.95,65.58
2012-09-27,65.88,66.22
2012-09-28,65.97,65.92
2012-10-01,66.15,66.04
2012-10-02,66.35,66.13
2012-10-03,66.33,66.4
2012-10-04,66.67,66.91
2012-10-05,67.24,66.89
2012-10-08,66.66,66.69
2012-10-09,66.62,66.04
2012-10-10,65.98,65.59
2012-10-11,66.04,65.63
2012-10-12,65.65,65.4
2012-10-15,65.56,65.95
2012-10-16,66.25,66.62
2012-10-17,66.67,66.93
2012-10-18,66.75,66.76
2012-10-19,66.62,65.62
2012-10-22,65.54,65.66
2012-10-23,64.96,64.7
2012-10-24,64.95,64.56
2012-10-25,65.04,64.74
2012-10-26,64.67,64.69
2012-10-31,64.97,64.63
2012-11-01,64.86,65.39
2012-11-02,65.79,64.8
2012-11-05,64.7,64.95
2012-11-06,65.12,65.43
2012-11-07,64.86,64.0
2012-11-08,63.95,63.15
2012-11-09,63.0,63.22
2012-11-12,63.44,63.31
2012-11-13,62.96,63.08
2012-11-14,63.28,62.31
2012-11-15,62.25,62.07
2012-11-16,62.22,62.39
2012-11-19,63.13,63.66
2012-11-20,63.59,63.73
2012-11-21,63.77,63.87
2012-11-23,64.41,64.68
2012-11-26,64.4,64.6
2012-11-27,64.51,64.29
2012-11-28,63.99,64.77
2012-11-29,65.03,65.06
2012-11-30,65.08,65.0
2012-12-03,65.37,64.77
2012-12-04,64.77,64.65
2012-12-05,64.73,64.79
2012-12-06,64.73,64.99
2012-12-07,65.27,65.19
2012-12-10,65.12,65.23
2012-12-11,65.51,65.65
2012-12-12,65.95,65.7
2012-12-13,65.69,65.3
2012-12-14,65.16,65.09
2012-12-17,65.22,65.87
2012-12-18,65.94,66.54
2012-12-19,66.66,66.05
2012-12-20,66.11,66.46
2012-12-21,65.55,65.84
2012-12-24,65.27,65.18
2012-12-26,65.3,64.87
2012-12-27,64.91,64.81
2012-12-28,64.43,64.09
2012-12-31,63.96,65.19
2013-01-02,66.47,66.8
2013-01-03,66.82,66.74
2013-01-04,66.81,67.02
2013-01-07,66.77,66.84
2013-01-08,66.72,66.64
2013-01-09,66.79,66.84
2013-01-10,67.21,67.33
2013-01-11,67.35,67.36
2013-01-14,67.28,67.3
2013-01-15,66.98,67.33
2013-01-16,67.19,67.33
2013-01-17,67.63,67.745
2013-01-18,67.76,67.94
2013-01-22,67.93,68.27
2013-01-23,68.3,68.37
2013-01-24,68.28,68.41
2013-01-25,68.65,68.79
2013-01-28,68.82,68.71
2013-01-29,68.59,68.99
2013-01-30,68.99,68.72
2013-01-31,68.65,68.56
2013-02-01,68.99,69.22
2013-02-04,68.84,68.46
2013-02-05,68.86,69.16
2013-02-06,68.93,69.22
2013-02-07,69.24,69.13
2013-02-08,69.26,69.51
2013-02-11,69.5,69.48
2013-02-12,69.51,69.59
2013-02-13,69.76,69.65
2013-02-14,69.47,69.75
2013-02-15,69.81,69.66
2013-02-19,69.77,70.14
2013-02-20,70.12,69.27
2013-02-21,69.1,68.94
2013-02-22,69.22,69.54
2013-02-25,69.91,68.23
2013-02-26,68.55,68.69
2013-02-27,68.63,69.55
2013-02-28,69.55,69.47
2013-03-01,69.16,69.65
2013-03-04,69.5,70.04
2013-03-05,70.38,70.64
2013-03-06,70.92,70.77
2013-03-07,70.87,70.9
2013-03-08,71.18,71.18
2013-03-11,71.14,71.44
2013-03-12,71.41,71.28
2013-03-13,71.33,71.38
2013-03-14,71.59,71.76
2013-03-15,71.7,71.66
2013-03-18,71.0,71.27
2013-03-19,71.43,71.1
2013-03-20,71.51,71.59
2013-03-21,71.16,71.01
2013-03-22,70.89,71.19
2013-03-25,71.43,70.99
2013-03-26,71.26,71.52
2013-03-27,71.1,71.48
2013-03-28,71.48,71.64
2013-04-01,71.7,71.44
2013-04-02,71.69,71.79
2013-04-03,71.86,71.07
2013-04-04,71.15,71.35
2013-04-05,70.5,71.07
2013-04-08,71.1,71.51
2013-04-09,71.66,71.77
2013-04-10,71.97,72.65
2013-04-11,72.66,72.89
2013-04-12,72.66,72.73
2013-04-15,72.34,71.07
2013-04-16,71.58,72.07
2013-04-17,71.57,71.01
2013-04-18,71.14,70.43
2013-04-19,70.71,71.18
2013-04-22,71.32,71.5
2013-04-23,71.85,72.26
2013-04-24,72.26,72.28
2013-04-25,72.49,72.6
2013-04-26,72.48,72.44
2013-04-29,72.65,72.91
2013-04-30,72.93,73.14
2013-05-01,72.96,72.48
2013-05-02,72.68,73.13
2013-05-03,73.79,73.82
2013-05-06,73.95,74.05
2013-05-07,74.24,74.43
2013-05-08,74.39,74.82
2013-05-09,74.77,74.6
2013-05-10,74.67,74.86
2013-05-13,74.74,74.85
2013-05-14,74.97,75.64
2013-05-15,75.55,76.07
2013-05-16,75.93,75.72
2013-05-17,76.01,76.44
2013-05-20,76.38,76.44
2013-05-21,76.53,76.54
2013-05-22,76.66,76.03
2013-05-23,75.17,75.76
2013-05-24,75.3,75.66
2013-05-28,76.57,76.2
2013-05-29,75.75,75.62
2013-05-30,75.71,75.95
2013-05-31,75.74,74.84
2013-06-03,75.03,75.23
2013-06-04,75.29,75.0
2013-06-05,74.69,73.85
2013-06-06,73.83,74.43
2013-06-07,75.04,75.47
2013-06-10,75.73,75.44
2013-06-11,74.76,74.67
2013-06-12,75.21,74.09
2013-06-13,74.01,75.16
2013-06-14,75.09,74.7
2013-06-17,75.24,75.3
2013-06-18,75.35,75.88
2013-06-19,75.84,74.87
2013-06-20,74.11,72.97
2013-06-21,73.48,73.2
2013-06-24,72.1,71.91
2013-06-25,72.59,72.63
2013-06-26,73.22,73.31
2013-06-27,73.79,73.8
2013-06-28,73.58,73.34
2013-07-01,73.87,73.89
2013-07-02,73.78,73.78
2013-07-03,73.53,73.85
2013-07-05,74.44,74.67
2013-07-08,75.06,75.06
2013-07-09,75.55,75.63
2013-07-10,75.59,75.65
2013-07-11,76.54,76.72
2013-07-12,76.7,76.74
2013-07-15,76.92,77.02
2013-07-16,77.06,76.73
2013-07-17,77.02,76.92
2013-07-18,77.09,77.36
2013-07-19,77.2,77.5
2013-07-22,77.6,77.64
2013-07-23,77.79,77.48
2013-07-24,77.79,77.19
2013-07-25,77.03,77.33
2013-07-26,77.04,77.43
2013-07-29,77.26,77.205
2013-07-30,77.48,77.21
2013-07-31,77.38,77.23
2013-08-01,77.84,78.17
2013-08-02,78.01,78.29
2013-08-05,78.17,78.24
2013-08-06,78.06,77.77
2013-08-07,77.5,77.5
2013-08-08,77.86,77.77
2013-08-09,77.68,77.55
2013-08-12,77.17,77.45
2013-08-13,77.58,77.75
2013-08-14,77.66,77.31
2013-08-15,76.66,76.18
2013-08-16,76.06,75.96
2013-08-19,75.85,75.48
2013-08-20,75.6,75.78
2013-08-21,75.63,75.39
2013-08-22,75.52,76.05
2013-08-23,76.29,76.3
2013-08-26,76.4,76.06
2013-08-27,75.29,74.81
2013-08-28,74.77,75.06
2013-08-29,74.89,75.18
2013-08-30,75.32,74.85
2013-09-03,75.66,75.29
2013-09-04,75.31,75.92
2013-09-05,75.95,75.9
2013-09-06,76.27,76.03
2013-09-09,76.25,76.78
2013-09-10,77.24,77.36
2013-09-11,77.25,77.6
2013-09-12,77.58,77.41
2013-09-13,77.46,77.57
2013-09-16,78.41,78.04
2013-09-17,78.08,78.36
2013-09-18,78.34,79.3
2013-09-19,79.48,79.17
2013-09-20,79.33,78.55
2013-09-23,78.08,77.87
2013-09-24,77.82,77.7
2013-09-25,77.7,77.45
2013-09-26,77.56,77.76
2013-09-27,77.35,77.43
2013-09-30,76.7,77.0
2013-10-01,77.02,77.59
2013-10-02,77.09,77.49
2013-10-03,77.3,76.8
2013-10-04,76.84,77.36
2013-10-07,76.68,76.7
2013-10-08,76.67,75.81
2013-10-09,75.95,75.81
2013-10-10,76.6,77.52
2013-10-11,77.37,77.98
2013-10-14,77.51,78.32
2013-10-15,78.09,77.74
2013-10-16,78.18,78.8
2013-10-17,78.5,79.34
2013-10-18,79.62,79.87
2013-10-21,79.92,79.91
2013-10-22,80.13,80.34
2013-10-23,80.08,79.97
2013-10-24,160.22,160.46
2013-10-25,160.8,161.2
2013-10-28,161.15,161.4
2013-10-29,161.79,162.39
2013-10-30,162.53,161.48
2013-10-31,161.4,160.88
2013-11-01,161.28,161.34
2013-11-04,161.91,162.07
2013-11-05,161.34,161.58
2013-11-06,162.21,162.33
2013-11-07,162.65,160.25
2013-11-08,160.22,162.45
2013-11-11,162.28,162.42
2013-11-12,162.09,162.13
2013-11-13,161.33,163.38
2013-11-14,163.61,164.29
2013-11-15,164.5,165.0
2013-11-18,165.28,164.39
2013-11-19,164.28,164.07
2013-11-20,164.34,163.55
2013-11-21,164.0,164.83
2013-11-22,164.91,165.67
2013-11-25,165.93,165.57
2013-11-26,165.59,165.49
2013-11-27,165.7,165.94
2013-11-29,166.1,165.7
2013-12-02,165.95,165.44
2013-12-03,164.89,164.8
2013-12-04,164.1,164.61
2013-12-05,164.4,163.98
2013-12-06,165.55,165.84
2013-12-09,166.25,166.22
2013-12-10,165.82,165.65
2013-12-11,165.67,163.77
2013-12-12,163.64,163.23
2013-12-13,163.53,163.18
2013-12-16,163.96,164.22
2013-12-17,164.33,163.64
2013-12-18,163.92,166.49
2013-12-19,166.03,166.34
2013-12-20,166.44,167.18
2013-12-23,168.07,168.95
2013-12-24,167.23,167.65
2013-12-26,167.95,168.43
2013-12-27,168.72,168.44
2013-12-30,168.46,168.37
2013-12-31,168.66,169.15
2014-01-02,168.53,167.63
2014-01-03,167.88,167.48
2014-01-06,168.11,167.06
2014-01-07,167.73,168.1
2014-01-08,168.07,168.17
2014-01-09,168.67,168.27
2014-01-10,168.55,168.66
2014-01-13,168.29,166.52
2014-01-14,167.03,168.25
2014-01-15,168.63,169.2
2014-01-16,168.82,168.94
2014-01-17,168.7,168.21
2014-01-21,169.22,168.74
2014-01-22,169.06,168.84
2014-01-23,168.01,167.48
2014-01-24,166.37,163.88
2014-01-27,164.07,163.08
2014-01-28,163.24,164.09
2014-01-29,162.75,162.38
2014-01-30,163.89,164.2
2014-01-31,162.15,163.18
2014-02-03,163.02,159.61
2014-02-04,160.29,160.69
2014-02-05,160.1,160.42
2014-02-06,160.91,162.57
2014-02-07,163.37,164.67
2014-02-10,164.64,164.93
2014-02-11,165.12,166.75
2014-02-12,166.99,166.9
2014-02-13,165.7,167.72
2014-02-14,167.56,168.61
2014-02-18,168.74,168.86
2014-02-19,168.42,167.7
2014-02-20,167.93,168.65
2014-02-21,169.02,168.57
2014-02-24,168.87,169.37
2014-02-25,169.58,169.31
2014-02-26,169.59,169.31
2014-02-27,169.15,170.25
2014-02-28,170.22,170.63
2014-03-03,169.19,169.46
2014-03-04,171.17,171.88
2014-03-05,172.0,171.91
2014-03-06,172.54,172.46
2014-03-07,173.08,172.42
2014-03-10,172.24,172.45
2014-03-11,172.73,171.5
2014-03-12,170.73,171.62
2014-03-13,172.14,169.72
2014-03-14,169.35,169.23
2014-03-17,170.06,170.75
2014-03-18,171.07,171.96
2014-03-19,172.03,171.02
2014-03-20,170.68,171.99
2014-03-21,172.81,171.42
2014-03-24,171.19,169.92
2014-03-25,170.78,170.75
2014-03-26,171.39,169.49
2014-03-27,169.32,169.15
2014-03-28,169.63,169.9
2014-03-31,171.04,171.35
2014-04-01,171.87,172.5
2014-04-02,172.72,173.09
2014-04-03,173.33,172.82
2014-04-04,173.77,170.74
2014-04-07,170.36,168.9
2014-04-08,168.79,169.6
2014-04-09,170.08,171.43
2014-04-10,171.42,167.77
2014-04-11,166.92,166.26
2014-04-14,167.58,167.6
2014-04-15,167.98,168.76
2014-04-16,169.92,170.54
2014-04-17,170.35,170.74
2014-04-21,170.85,171.37
2014-04-22,171.57,172.12
2014-04-23,172.09,171.71
2014-04-24,172.63,172.09
2014-04-25,171.55,170.71
2014-04-28,171.39,171.23
2014-04-29,171.79,172.05
2014-04-30,171.75,172.59
2014-05-01,172.5,172.6
2014-05-02,172.56,172.32
2014-05-05,171.49,172.68
2014-05-06,172.27,171.18
2014-05-07,171.73,172.19
2014-05-08,171.96,171.98
2014-05-09,171.98,172.28
2014-05-12,172.96,173.91
2014-05-13,174.09,174.07
2014-05-14,173.91,173.23
2014-05-15,172.9,171.67
2014-05-16,171.8,172.34
2014-05-19,171.98,172.93
2014-05-20,172.86,171.79
2014-05-21,172.36,173.28
2014-05-22,173.35,173.75
2014-05-23,173.91,174.47
2014-05-27,175.09,175.5
2014-05-28,175.52,175.32
2014-05-29,175.82,176.32
2014-05-30,176.16,176.55
2014-06-02,176.83,176.79
2014-06-03,176.35,176.68
2014-06-04,176.37,177.0
2014-06-05,177.24,178.2
2014-06-06,178.62,179.05
2014-06-09,179.04,179.23
2014-06-10,179.03,179.27
2014-06-11,178.64,178.69
2014-06-12,178.42,177.36
2014-06-13,177.73,177.92
2014-06-16,177.69,178.07
2014-06-17,177.83,178.54
2014-06-18,178.59,179.87
2014-06-19,180.04,180.09
2014-06-20,180.51,180.45
2014-06-23,179.7,179.56
2014-06-24,179.29,178.5
2014-06-25,178.14,179.26
2014-06-26,179.36,179.17
2014-06-27,178.79,179.48
2014-06-30,179.43,179.43
2014-07-01,179.88,180.69
2014-07-02,180.67,180.82
2014-07-03,181.31,181.73
2014-07-07,181.38,181.14
2014-07-08,180.77,179.97
2014-07-09,180.36,180.72
2014-07-10,179.01,180.03
2014-07-11,179.94,180.27
2014-07-14,181.2,181.16
2014-07-15,181.25,180.85
2014-07-16,181.65,181.54
2014-07-17,180.96,179.41
2014-07-18,180.02,181.3
2014-07-21,180.71,180.91
2014-07-22,181.58,181.72
2014-07-23,182.0,182.15
2014-07-24,182.36,182.15
2014-07-25,181.65,181.28
2014-07-28,181.35,181.36
2014-07-29,181.7,180.59
2014-07-30,181.22,180.59
2014-07-31,179.35,176.96
2014-08-01,176.52,176.53
2014-08-04,176.81,177.77
2014-08-05,177.04,175.97
2014-08-06,175.2,176.08
2014-08-07,176.9,175.13
2014-08-08,175.49,177.16
2014-08-11,177.87,177.66
2014-08-12,177.47,177.45
2014-08-13,178.15,178.7
2014-08-14,178.92,179.48
2014-08-15,180.15,179.43
2014-08-18,180.46,180.92
2014-08-19,181.4,181.88
2014-08-20,181.66,182.38
2014-08-21,182.58,182.9
2014-08-22,182.8,182.61
2014-08-25,183.54,183.56
2014-08-26,183.72,183.71
2014-08-27,183.81,183.68
2014-08-28,183.02,183.54
2014-08-29,183.83,183.99
2014-09-02,184.3,183.94
2014-09-03,184.65,183.86
2014-09-04,184.12,183.56
2014-09-05,183.53,184.44
2014-09-08,184.24,183.97
2014-09-09,183.79,182.78
2014-09-10,182.89,183.5
2014-09-11,182.75,183.67
2014-09-12,183.49,182.58
2014-09-15,182.64,182.46
2014-09-16,182.11,183.82
2014-09-17,184.11,184.08
2014-09-18,184.65,185.04
2014-09-19,185.64,184.86
2014-09-22,183.7,182.56
2014-09-23,181.95,181.53
2014-09-24,181.62,182.99
2014-09-25,182.5,180.05
2014-09-26,180.36,181.5
2014-09-29,179.93,181.14
2014-09-30,181.3,180.59
2014-10-01,180.34,178.22
2014-10-02,178.05,178.21
2014-10-03,179.48,180.2
2014-10-06,180.94,179.98
2014-10-07,179.05,177.22
2014-10-08,177.33,180.32
2014-10-09,180.0,176.68
2014-10-10,176.65,174.7
2014-10-13,174.63,171.83
2014-10-14,172.73,172.11
2014-10-15,169.8,170.83
2014-10-16,167.815,170.72
2014-10-17,172.73,172.83
2014-10-20,172.53,174.53
2014-10-21,175.78,177.92
2014-10-22,178.29,176.71
2014-10-23,178.45,178.74
2014-10-24,179.03,180.08
2014-10-27,179.51,179.85
2014-10-28,180.49,181.92
2014-10-29,182.03,181.71
2014-10-30,181.17,182.86
2014-10-31,185.02,184.93
2014-11-03,185.2,185.04
2014-11-04,184.56,184.38
2014-11-05,185.74,185.59
2014-11-06,185.57,186.34
2014-11-07,186.34,186.5
2014-11-10,186.48,187.06
2014-11-11,187.14,187.24
2014-11-12,186.49,187.09
2014-11-13,187.24,187.26
2014-11-14,187.19,187.33
2014-11-17,186.93,187.43
2014-11-18,187.48,188.51
2014-11-19,188.25,188.17
2014-11-20,187.29,188.51
2014-11-21,190.43,189.57
2014-11-24,190.02,190.06
2014-11-25,190.34,190.0
2014-11-26,190.1,190.44
2014-11-28,190.3,190.03
2014-12-01,189.29,188.73
2014-12-02,188.71,189.92
2014-12-03,190.1,190.65
2014-12-04,190.35,190.46
2014-12-05,190.65,190.8
2014-12-08,190.35,189.5
2014-12-09,187.43,189.35
2014-12-10,188.86,186.38
2014-12-11,186.98,187.25
2014-12-12,186.0,184.21
2014-12-15,185.26,182.93
2014-12-16,182.1,181.52
2014-12-17,181.97,185.18
2014-12-18,186.74,188.55
2014-12-19,189.29,189.42
2014-12-22,189.57,190.26
2014-12-23,190.94,190.55
2014-12-24,190.81,190.53
2014-12-26,191.06,191.15
2014-12-29,190.97,191.42
2014-12-30,190.95,190.38
2014-12-31,190.75,188.4
2015-01-02,189.29,188.4
2015-01-05,187.26,185.09
2015-01-06,185.37,183.27
2015-01-07,184.73,185.56
2015-01-08,187.13,188.82
2015-01-09,189.3,187.23
2015-01-12,187.46,185.84
2015-01-13,187.22,185.35
2015-01-14,183.1,184.26
2015-01-15,184.88,182.54
2015-01-16,182.31,184.8
2015-01-20,185.62,185.26
2015-01-21,184.77,186.23
2015-01-22,187.09,189.08
2015-01-23,188.72,188.04
2015-01-26,187.79,188.41
2015-01-27,186.14,185.94
2015-01-28,187.27,183.49
2015-01-29,183.74,185.27
2015-01-30,183.96,182.99
2015-02-02,183.5,185.09
2015-02-03,186.13,187.79
2015-02-04,187.03,187.15
2015-02-05,187.89,189.05
2015-02-06,189.49,188.52
2015-02-09,187.81,187.66
2015-02-10,188.82,189.66
2015-02-11,189.51,189.79
2015-02-12,190.7,191.55
2015-02-13,191.72,192.39
2015-02-17,192.07,192.7
2015-02-18,192.28,192.74
2015-02-19,192.09,192.61
2015-02-20,192.13,193.78
2015-02-23,193.49,193.73
2015-02-24,193.69,194.3
2015-02-25,194.14,194.09
2015-02-26,193.99,193.87
2015-02-27,193.77,193.2
2015-03-02,193.31,194.47
2015-03-03,193.96,193.64
2015-03-04,193.0,192.83
2015-03-05,193.15,193.04
2015-03-06,192.0,190.31
2015-03-09,190.52,191.12
2015-03-10,189.57,187.98
2015-03-11,188.26,187.54
2015-03-12,188.21,189.96
2015-03-13,189.68,188.8
2015-03-16,189.59,191.38
2015-03-17,190.48,190.73
2015-03-18,190.17,193.0
2015-03-19,192.56,192.11
2015-03-20,193.19,193.85
2015-03-23,192.85,192.52
2015-03-24,192.38,191.4
2015-03-25,191.64,188.61
2015-03-26,187.88,188.14
2015-03-27,188.04,188.53
2015-03-30,190.095,190.88
2015-03-31,189.98,189.2
2015-04-01,189.17,188.59
2015-04-02,188.47,189.15
2015-04-06,188.23,190.48
2015-04-07,190.48,189.97
2015-04-08,190.24,190.66
2015-04-09,190.45,191.49
2015-04-10,191.74,192.54
2015-04-13,192.36,191.67
2015-04-14,191.42,192.02
2015-04-15,192.54,192.9
2015-04-16,192.55,192.83
2015-04-17,191.53,190.59
2015-04-20,191.67,192.33
2015-04-21,193.11,192.14
2015-04-22,192.49,193.09
2015-04-23,192.65,193.59
2015-04-24,194.02,193.98
2015-04-27,194.63,193.21
2015-04-28,193.17,193.81
2015-04-29,192.81,193.02
2015-04-30,192.4,191.1
2015-05-01,191.96,193.1
2015-05-04,193.64,193.7
2015-05-05,193.4,191.44
2015-05-06,192.09,190.67
2015-05-07,190.59,191.44
2015-05-08,193.3,193.95
2015-05-11,193.93,193.02
2015-05-12,192.15,192.46
2015-05-13,192.96,192.52
2015-05-14,193.64,194.53
2015-05-15,194.68,194.73
2015-05-18,194.63,195.33
2015-05-19,195.44,195.23
2015-05-20,195.37,195.1
2015-05-21,195.05,195.69
2015-05-22,195.31,195.26
2015-05-26,194.73,193.16
2015-05-27,193.66,194.94
2015-05-28,194.66,194.76
2015-05-29,194.67,193.49
2015-06-01,194.23,193.94
2015-06-02,193.43,193.74
2015-06-03,194.31,194.27
2015-06-04,193.52,192.69
2015-06-05,192.48,192.3
2015-06-08,192.17,191.11
2015-06-09,191.1,191.06
2015-06-10,191.96,193.33
2015-06-11,193.95,193.93
2015-06-12,193.01,192.51
2015-06-15,191.22,191.62
2015-06-16,191.5,192.74
2015-06-17,193.06,193.07
2015-06-18,193.61,194.98
2015-06-19,194.8,193.85
2015-06-22,194.37,194.27
2015-06-23,194.48,194.41
2015-06-24,194.18,193.02
2015-06-25,193.51,192.42
2015-06-26,192.82,192.42
2015-06-29,190.78,188.35
2015-06-30,190.18,188.84
2015-07-01,190.65,190.27
2015-07-02,190.85,190.13
2015-07-06,188.72,189.58
2015-07-07,189.86,190.75
2015-07-08,189.36,187.51
2015-07-09,189.9,187.85
2015-07-10,190.18,190.24
2015-07-13,191.59,192.37
2015-07-14,192.37,193.22
2015-07-15,193.29,193.14
2015-07-16,194.31,194.62
2015-07-17,194.68,194.85
2015-07-20,195.09,194.94
2015-07-21,194.82,194.17
2015-07-22,193.38,193.79
2015-07-23,194.0,192.68
2015-07-24,192.86,190.67
2015-07-27,189.78,189.59
2015-07-28,190.59,191.89
2015-07-29,192.07,193.25
2015-07-30,192.77,193.28
2015-07-31,193.92,192.95
2015-08-03,193.0,192.35
2015-08-04,192.35,191.97
2015-08-05,193.04,192.64
2015-08-06,192.77,191.17
2015-08-07,190.88,190.67
2015-08-10,191.9,193.09
2015-08-11,191.64,191.32
2015-08-12,189.88,191.49
2015-08-13,191.42,191.28
2015-08-14,191.12,192.02
2015-08-17,191.42,193.09
2015-08-18,192.84,192.5
2015-08-19,191.78,190.98
2015-08-20,189.36,186.97
2015-08-21,185.08,181.04
2015-08-24,172.0,173.66
2015-08-25,179.16,171.55
2015-08-26,176.23,178.36
2015-08-27,180.8,182.72
2015-08-28,181.97,182.72
2015-08-31,181.68,181.11
2015-09-01,177.11,175.58
2015-09-02,178.48,179.12
2015-09-03,179.96,179.27
2015-09-04,176.88,176.49
2015-09-08,179.67,181.01
2015-09-09,182.8,178.57
2015-09-10,178.25,179.57
2015-09-11,179.09,180.32
2015-09-14,180.58,179.64
2015-09-15,180.22,181.98
2015-09-16,182.34,183.57
2015-09-17,183.4,183.09
2015-09-18,180.41,180.13
2015-09-21,180.15,180.1
2015-09-22,177.8,177.75
2015-09-23,177.99,177.43
2015-09-24,176.05,176.88
2015-09-25,178.48,176.76
2015-09-28,175.86,172.31
2015-09-29,172.67,172.4
2015-09-30,174.56,175.71
2015-10-01,175.97,176.2
2015-10-02,174.0,178.75
2015-10-05,180.14,181.96
2015-10-06,181.88,181.35
2015-10-07,182.4,182.87
2015-10-08,182.44,184.48
2015-10-09,184.66,184.58
2015-10-12,184.68,184.8
2015-10-13,183.98,183.57
2015-10-14,183.45,182.71
2015-10-15,183.4,185.45
2015-10-16,185.92,186.2
2015-10-19,185.66,186.42
2015-10-20,186.02,186.18
2015-10-21,186.79,184.97
2015-10-22,186.02,188.17
2015-10-23,190.0,190.22
2015-10-26,190.11,189.77
2015-10-27,189.08,189.4
2015-10-28,189.84,191.6
2015-10-29,191.04,191.53
2015-10-30,191.82,190.56
2015-11-02,190.98,192.82
2015-11-03,192.54,193.43
2015-11-04,193.77,192.88
2015-11-05,192.99,192.64
2015-11-06,192.26,192.56
2015-11-09,191.86,190.76
2015-11-10,190.26,191.12
2015-11-11,191.48,190.39
2015-11-12,189.36,187.84
2015-11-13,187.35,185.67
2015-11-16,185.5,188.52
2015-11-17,188.86,188.29
2015-11-18,188.91,191.32
2015-11-19,191.3,191.22
2015-11-20,192.01,191.93
2015-11-23,191.89,191.71
2015-11-24,190.63,192.02
2015-11-25,192.15,191.96
2015-11-27,192.08,192.15
2015-11-30,192.45,191.37
2015-12-01,192.05,193.22
2015-12-02,193.18,191.18
2015-12-03,191.56,188.46
2015-12-04,188.99,192.16
2015-12-07,191.88,190.95
2015-12-08,189.25,189.73
2015-12-09,189.12,188.31
2015-12-10,188.5,188.74
2015-12-11,186.44,184.98
2015-12-14,185.32,186.09
2015-12-15,187.75,188.03
2015-12-16,189.28,190.67
2015-12-17,191.14,187.89
2015-12-18,186.95,184.4
2015-12-21,184.74,184.93
2015-12-22,185.85,186.6
2015-12-23,187.75,188.84
2015-12-24,188.69,188.51
2015-12-28,187.85,188.1
2015-12-29,189.43,190.2
2015-12-30,189.97,188.8
2015-12-31,188.12,186.93
2016-01-04,183.77,184.31
2016-01-05,184.57,184.64
2016-01-06,181.93,182.3
2016-01-07,179.15,177.86
2016-01-08,178.965,175.97
2016-01-11,177.04,175.99
2016-01-12,177.75,177.45
2016-01-13,178.43,173.11
2016-01-14,173.79,175.92
2016-01-15,171.2,172.15
2016-01-19,174.2,172.34
2016-01-20,169.59,170.32
2016-01-21,170.79,171.15
2016-01-22,174.03,174.66
2016-01-25,174.1,172.07
2016-01-26,172.85,174.4
2016-01-27,173.89,172.42
2016-01-28,174.13,173.36
2016-01-29,174.34,177.75
2016-02-01,176.61,177.59
2016-02-02,175.86,174.37
2016-02-03,175.47,175.39
2016-02-04,174.95,175.61
2016-02-05,175.04,172.31
2016-02-08,170.29,169.94
2016-02-09,168.18,169.99
2016-02-10,170.93,169.88
2016-02-11,167.26,167.7
2016-02-12,169.54,171.14
2016-02-16,173.2,174.01
2016-02-17,175.32,176.86
2016-02-18,177.2,176.11
2016-02-19,175.28,176.07
2016-02-22,177.78,178.59
2016-02-23,177.92,176.35
2016-02-24,174.79,177.18
2016-02-25,177.7,179.31
2016-02-26,180.2,178.98
2016-02-29,178.94,177.38
2016-03-01,178.84,181.75
2016-03-02,181.36,182.52
2016-03-03,182.27,183.19
2016-03-04,183.45,183.78
2016-03-07,182.85,183.98
2016-03-08,182.83,181.91
2016-03-09,182.85,182.91
2016-03-10,183.38,183.01
2016-03-11,184.57,185.98
2016-03-14,185.4,185.7
2016-03-15,184.7,185.46
2016-03-16,184.88,186.57
2016-03-17,186.42,187.75
2016-03-18,188.35,188.45
2016-03-21,187.18,187.73
2016-03-22,186.89,187.63
2016-03-23,187.18,186.43
2016-03-24,185.25,186.3
2016-03-28,186.76,186.43
2016-03-29,185.99,188.22
2016-03-30,189.17,189.01
2016-03-31,188.85,188.56
2016-04-01,187.4,189.77
2016-04-04,189.74,189.17
2016-04-05,187.74,187.25
2016-04-06,187.39,189.29
2016-04-07,188.17,187.06
2016-04-08,188.31,187.57
2016-04-11,188.26,187.08
2016-04-12,187.29,188.9
2016-04-13,189.88,190.79
2016-04-14,190.84,190.77
2016-04-15,190.8,190.56
2016-04-18,189.99,191.94
2016-04-19,192.36,192.52
2016-04-20,192.6,192.68
2016-04-21,192.7,191.61
2016-04-22,191.3,191.66
2016-04-25,191.07,191.35
2016-04-26,191.72,191.63
2016-04-27,191.21,192.03
2016-04-28,191.22,190.3
2016-04-29,189.62,189.22
2016-05-02,189.81,190.73
2016-05-03,189.44,189.1
2016-05-04,187.99,187.99
2016-05-05,188.57,187.97
2016-05-06,187.21,188.65
2016-05-09,188.55,188.85
2016-05-10,189.61,191.19
2016-05-11,190.71,189.4
2016-05-12,190.14,189.51
2016-05-13,189.1,187.76
2016-05-16,187.98,189.63
2016-05-17,189.35,187.96
2016-05-18,187.5,187.93
2016-05-19,187.15,187.32
2016-05-20,187.97,188.49
2016-05-23,188.48,188.24
2016-05-24,189.13,190.63
2016-05-25,191.38,191.93
2016-05-26,192.14,192.02
2016-05-27,192.19,192.77
2016-05-31,193.16,192.54
2016-06-01,191.88,192.9
2016-06-02,192.45,193.48
2016-06-03,192.85,192.92
2016-06-06,193.29,193.85
2016-06-07,194.05,194.2
2016-06-08,194.34,194.84
2016-06-09,194.02,194.54
2016-06-10,193.07,192.67
2016-06-13,192.03,191.22
2016-06-14,190.83,190.8
2016-06-15,191.26,190.52
2016-06-16,189.6,191.14
2016-06-17,191.1,190.43
2016-06-20,192.56,191.65
2016-06-21,191.15,191.24
2016-06-22,191.45,190.92
2016-06-23,192.52,193.39
2016-06-24,187.0,186.56
2016-06-27,185.06,183.05
2016-06-28,184.87,186.43
2016-06-29,187.95,189.64
2016-06-30,190.13,192.2
2016-07-01,192.09,192.6
2016-07-05,191.73,191.25
2016-07-06,190.71,192.38
2016-07-07,192.56,192.25
2016-07-08,193.63,195.17
2016-07-11,195.62,195.85
2016-07-12,196.84,197.23
2016-07-13,197.69,197.16
2016-07-14,198.58,198.31
2016-07-15,198.93,198.01
2016-07-18,198.15,198.58
2016-07-19,198.13,198.36
2016-07-20,198.92,199.16
2016-07-21,199.07,198.41
2016-07-22,198.62,199.33
2016-07-25,199.1,198.85
2016-07-26,198.7,198.84
2016-07-27,199.29,198.71
2016-07-28,198.49,198.93
2016-07-29,198.63,199.28
2016-08-01,199.33,199.05
2016-08-02,198.79,197.81
2016-08-03,197.74,198.38
2016-08-04,198.5,198.57
2016-08-05,199.34,200.17
2016-08-08,200.41,200.07
2016-08-09,200.19,200.2
2016-08-10,200.34,199.69
2016-08-11,200.31,200.67
2016-08-12,200.32,200.47
2016-08-15,200.89,201.05
2016-08-16,200.61,200.01
2016-08-17,200.05,200.34
2016-08-18,200.37,200.82
2016-08-19,200.34,200.54
2016-08-22,200.3,200.52
2016-08-23,201.18,200.89
2016-08-24,200.78,199.92
2016-08-25,199.48,199.76
2016-08-26,199.96,199.38
2016-08-29,199.53,200.39
2016-08-30,200.28,200.01
2016-08-31,199.7,199.52
2016-09-01,199.5,199.48
2016-09-02,200.41,200.37
2016-09-06,200.69,201.0
2016-09-07,200.82,200.99
2016-09-08,200.62,200.52
2016-09-09,199.08,195.68
2016-09-12,194.88,198.48
2016-09-13,196.25,194.78
2016-09-14,194.83,194.66
2016-09-15,194.51,196.66
2016-09-16,196.02,195.89
2016-09-19,196.63,195.95
2016-09-20,196.86,195.97
2016-09-21,196.69,198.17
2016-09-22,199.26,199.36
2016-09-23,198.98,198.29
2016-09-26,197.47,196.71
2016-09-27,196.53,197.91
2016-09-28,198.18,198.98
2016-09-29,198.71,197.11
2016-09-30,198.01,198.69
2016-10-03,198.18,198.06
2016-10-04,198.25,197.14
2016-10-05,197.77,197.96
2016-10-06,197.74,198.19
2016-10-07,198.42,197.46
2016-10-10,198.44,198.37
2016-10-11,198.0,195.96
2016-10-12,196.12,196.21
2016-10-13,194.83,195.58
2016-10-14,196.65,195.63
2016-10-17,195.64,195.05
2016-10-18,196.7,196.2
2016-10-19,196.49,196.74
2016-10-20,196.37,196.42
2016-10-21,195.54,196.47
2016-10-24,197.37,197.27
2016-10-25,197.13,196.71
2016-10-26,195.76,196.27
2016-10-27,197.04,195.75
2016-10-28,195.71,195.13
2016-10-31,195.49,195.13
2016-11-01,195.52,193.77
2016-11-02,193.42,192.49
2016-11-03,192.79,191.74
2016-11-04,191.8,191.48
2016-11-07,194.17,195.68
2016-11-08,195.31,196.58
2016-11-09,194.94,198.68
2016-11-10,199.53,199.14
2016-11-11,198.42,198.77
2016-11-14,199.3,198.8
2016-11-15,199.29,200.41
2016-11-16,199.78,200.07
2016-11-17,200.21,201.02
2016-11-18,201.16,200.66
2016-11-21,201.25,202.14
2016-11-22,202.51,202.51
2016-11-23,202.14,202.69
2016-11-25,203.08,203.5
2016-11-28,203.07,202.54
2016-11-29,202.51,202.86
2016-11-30,203.53,202.4
2016-12-01,202.68,201.61
2016-12-02,201.7,201.75
2016-12-05,202.64,202.91
2016-12-06,203.17,203.62
2016-12-07,203.45,206.2
2016-12-08,206.25,206.74
2016-12-09,207.02,208.0
2016-12-12,207.92,207.77
2016-12-13,208.53,209.19
2016-12-14,208.84,207.46
2016-12-15,207.72,208.23
2016-12-16,208.82,207.87
2016-12-19,208.1,208.34
2016-12-20,208.92,209.14
2016-12-21,209.06,208.57
2016-12-22,207.16,207.01
2016-12-23,206.98,207.19
2016-12-27,207.48,207.7
2016-12-28,208.0,206.06
2016-12-29,206.1,206.02
2016-12-30,206.37,205.31
2017-01-03,206.68,206.74
2017-01-04,207.2,207.96
2017-01-05,207.75,207.8
2017-01-06,207.99,208.61
2017-01-09,208.34,207.95
2017-01-10,207.9,207.92
2017-01-11,207.84,208.51
2017-01-12,207.97,208.05
2017-01-13,208.18,208.46
2017-01-17,207.79,207.72
2017-01-18,208.01,208.16
2017-01-19,208.27,207.46
2017-01-20,208.14,208.13
2017-01-23,207.84,207.65
2017-01-24,207.86,208.97
2017-01-25,209.98,210.71
2017-01-26,210.65,210.55
2017-01-27,210.65,210.25
2017-01-30,209.48,208.98
2017-01-31,208.34,208.97
2017-02-01,209.62,209.0
2017-02-02,208.59,209.09
2017-02-03,210.08,210.64
2017-02-06,210.12,210.2
2017-02-07,210.65,210.25
2017-02-08,209.89,210.52
2017-02-09,210.78,211.72
2017-02-10,212.13,212.57
2017-02-13,213.11,213.7
2017-02-14,213.55,214.59
2017-02-15,214.34,215.68
2017-02-16,215.74,215.51
2017-02-17,214.84,215.84
2017-02-21,216.32,217.11
2017-02-22,216.72,217.01
2017-02-23,217.54,217.13
2017-02-24,216.22,217.39
2017-02-27,217.32,217.71
2017-02-28,217.34,217.07
2017-03-01,218.9,220.15
2017-03-02,219.99,218.86
2017-03-03,218.7,218.98
2017-03-06,218.07,218.3
2017-03-07,217.98,217.64
2017-03-08,217.95,217.18
2017-03-09,217.33,217.41
2017-03-10,218.55,218.17
2017-03-13,218.18,218.3
2017-03-14,217.77,217.56
2017-03-15,218.13,219.37
2017-03-16,219.61,219.0
2017-03-17,219.3,218.56
2017-03-20,218.59,218.332
2017-03-21,219.0,215.58
2017-03-22,214.58,215.02
2017-03-23,214.8,214.8
2017-03-24,215.14,214.73
2017-03-27,212.87,214.38
2017-03-28,214.16,215.97
2017-03-29,215.72,216.29
2017-03-30,216.17,216.87
2017-03-31,216.56,216.35
2017-04-03,216.51,216.08
2017-04-04,215.71,216.2
2017-04-05,216.89,215.54
2017-04-06,215.71,216.1
2017-04-07,215.86,215.91
2017-04-10,216.06,216.06
2017-04-11,215.63,215.79
2017-04-12,215.49,214.9
2017-04-13,214.5,213.47
2017-04-17,214.0,215.34
2017-04-18,214.55,214.75
2017-04-19,215.31,214.28
2017-04-20,214.98,216.03
2017-04-21,215.97,215.4
2017-04-24,217.75,217.7
2017-04-25,218.41,219.01
2017-04-26,218.96,218.85
2017-04-27,219.2,219.02
2017-04-28,219.33,218.6
2017-05-01,219.16,219.13
2017-05-02,219.29,219.2
2017-05-03,218.78,218.98
2017-05-04,219.27,219.18
2017-05-05,219.56,220.06
2017-05-08,220.13,220.07
2017-05-09,220.29,219.79
2017-05-10,219.76,220.2
2017-05-11,219.74,219.75
2017-05-12,219.5,219.41
2017-05-15,219.88,220.52
2017-05-16,220.88,220.48
2017-05-17,218.61,216.57
2017-05-18,216.33,217.36
2017-05-19,217.88,218.71
2017-05-22,219.26,219.93
2017-05-23,220.31,220.36
2017-05-24,220.64,220.89
2017-05-25,221.425,221.92
2017-05-26,221.76,221.93
2017-05-30,221.56,221.72
2017-05-31,222.04,221.67
2017-06-01,222.14,223.4
2017-06-02,223.48,224.1
2017-06-05,223.99,223.95
2017-06-06,223.37,223.31
2017-06-07,223.69,223.68
2017-06-08,223.82,223.76
2017-06-09,224.12,223.5
2017-06-12,223.21,223.41
2017-06-13,223.99,224.5
2017-06-14,224.82,224.26
2017-06-15,222.86,223.81
2017-06-16,224.0,223.87
2017-06-19,224.73,225.7
2017-06-20,225.36,224.22
2017-06-21,224.57,224.13
2017-06-22,224.17,224.0
2017-06-23,223.12,223.37
2017-06-26,224.0,223.44
2017-06-27,223.21,221.66
2017-06-28,222.73,223.62
2017-06-29,223.81,221.69
2017-06-30,222.57,222.06
2017-07-03,223.09,222.55
2017-07-05,222.84,222.94
2017-07-06,222.16,220.94
2017-07-07,221.52,222.34
2017-07-10,222.2,222.57
2017-07-11,222.42,222.4
2017-07-12,223.47,224.07
2017-07-13,224.16,224.45
2017-07-14,224.52,225.47
2017-07-17,225.45,225.5
2017-07-18,225.13,225.67
2017-07-19,225.98,226.86
2017-07-20,227.13,226.93
2017-07-21,226.36,226.77
2017-07-24,226.67,226.69
2017-07-25,227.51,227.23
2017-07-26,227.57,227.3
2017-07-27,227.75,227.03
2017-07-28,226.54,226.77
2017-07-31,227.23,226.64
2017-08-01,227.3,227.15
2017-08-02,227.31,227.28
2017-08-03,227.18,226.88
2017-08-04,227.36,227.26
2017-08-07,227.33,227.63
2017-08-08,227.34,227.18
2017-08-09,226.35,227.05
2017-08-10,226.24,223.93
2017-08-11,224.13,224.23
2017-08-14,225.56,226.43
2017-08-15,226.84,226.45
2017-08-16,226.95,226.81
2017-08-17,226.19,223.28
2017-08-18,223.09,222.87
2017-08-21,222.85,223.14
2017-08-22,223.72,225.4
2017-08-23,224.46,224.63
2017-08-24,225.04,224.11
2017-08-25,224.95,224.6
2017-08-28,225.16,224.68
2017-08-29,223.25,224.85
2017-08-30,224.86,225.97
2017-08-31,226.63,227.3
2017-09-01,227.76,227.69
2017-09-05,227.1,226.01
2017-09-06,226.76,226.8
2017-09-07,227.13,226.75
2017-09-08,226.45,226.4
2017-09-11,227.85,228.87
2017-09-12,229.32,229.71
2017-09-13,229.37,229.85
2017-09-14,229.47,229.77
2017-09-15,229.62,230.09
2017-09-18,230.46,230.49
2017-09-19,230.79,230.77
2017-09-20,229.68,229.72
2017-09-21,229.54,229.07
2017-09-22,228.75,229.04
2017-09-25,228.82,228.7
2017-09-26,229.09,228.78
2017-09-27,229.53,229.67
2017-09-28,229.36,229.94
2017-09-29,229.91,230.76
2017-10-02,231.0,231.73
2017-10-03,231.9,232.2
2017-10-04,232.12,232.52
2017-10-05,232.86,233.9
2017-10-06,233.46,233.68
2017-10-09,233.92,233.27
2017-10-10,233.84,233.86
2017-10-11,233.74,234.24
2017-10-12,233.87,233.88
2017-10-13,234.37,234.14
2017-10-16,234.41,234.51
2017-10-17,234.47,234.66
2017-10-18,235.06,234.87
2017-10-19,234.03,234.99
2017-10-20,235.8,236.16
2017-10-23,236.49,235.3
2017-10-24,235.68,235.63
2017-10-25,235.3,234.5
2017-10-26,235.1,234.72
2017-10-27,235.63,236.72
2017-10-30,236.13,235.86
2017-10-31,236.26,236.13
2017-11-01,237.03,236.54
2017-11-02,236.45,236.64
2017-11-03,236.83,237.43
2017-11-06,237.24,237.79
2017-11-07,237.89,237.69
2017-11-08,237.41,238.04
2017-11-09,236.73,237.18
2017-11-10,236.72,237.04
2017-11-13,236.33,237.32
2017-11-14,236.44,236.74
2017-11-15,235.74,235.53
2017-11-16,236.52,237.54
2017-11-17,237.17,236.9
2017-11-20,237.12,237.21
2017-11-21,238.06,238.79
2017-11-22,238.86,238.62
2017-11-24,239.12,239.12
2017-11-27,239.19,239.05
2017-11-28,239.59,241.42
2017-11-29,241.6,241.33
2017-11-30,242.3,243.35
2017-12-01,243.25,242.9
2017-12-04,244.7,242.64
2017-12-05,242.91,241.78
2017-12-06,241.45,241.77
2017-12-07,241.69,242.57
2017-12-08,243.45,243.89
2017-12-11,243.94,244.68
2017-12-12,244.94,245.1
2017-12-13,245.36,245.04
2017-12-14,245.4,244.07
2017-12-15,245.15,246.12
2017-12-18,247.52,247.65
2017-12-19,247.92,246.75
2017-12-20,247.72,246.56
2017-12-21,247.22,247.06
2017-12-22,247.09,247.01
2017-12-26,245.66,245.54
2017-12-27,245.71,245.68
2017-12-28,246.13,246.14
2017-12-29,246.76,245.29
2018-01-02,246.15,247.09
2018-01-03,247.24,248.56
2018-01-04,249.27,249.65
2018-01-05,250.46,251.25
2018-01-08,251.16,251.77
2018-01-09,252.18,252.3
2018-01-10,251.51,251.87
2018-01-11,252.47,253.73
2018-01-12,254.03,255.41
2018-01-16,256.79,254.48
2018-01-17,255.5,256.94
2018-01-18,256.84,256.59
2018-01-19,257.15,257.68
2018-01-22,257.45,259.75
2018-01-23,259.84,260.34
2018-01-24,261.03,260.21
2018-01-25,261.17,260.33
2018-01-26,261.33,263.36
2018-01-29,262.83,261.54
2018-01-30,259.67,258.75
2018-01-31,259.83,258.99
2018-02-01,258.29,258.73
2018-02-02,257.37,253.19
2018-02-05,251.26,242.79
2018-02-06,238.8,247.28
2018-02-07,246.71,245.93
2018-02-08,246.25,236.79
2018-02-09,239.6,240.44
2018-02-12,242.5,243.74
2018-02-13,242.63,244.56
2018-02-14,243.0,247.76
2018-02-15,249.6,250.97
2018-02-16,250.27,250.94
2018-02-20,249.995,249.42
2018-02-21,249.86,248.11
2018-02-22,249.17,248.41
2018-02-23,249.82,252.49
2018-02-26,253.56,255.4
2018-02-27,255.63,252.14
2018-02-28,253.37,249.34
2018-03-01,249.53,246.05
2018-03-02,244.24,247.36
2018-03-05,246.02,250.2
2018-03-06,251.22,250.83
2018-03-07,248.54,250.72
2018-03-08,251.4,251.89
2018-03-09,253.4,256.25
2018-03-12,256.64,256.0
2018-03-13,257.2,254.31
2018-03-14,255.33,252.97
2018-03-15,253.55,252.73
2018-03-16,253.23,252.99
2018-03-19,252.25,249.61
2018-03-20,249.99,250.05
2018-03-21,249.94,249.47
2018-03-22,247.11,243.27
2018-03-23,243.74,238.09
2018-03-26,240.82,243.53
2018-03-27,244.47,239.31
2018-03-28,239.46,238.64
2018-03-29,239.85,242.08
2018-04-02,241.19,236.48
2018-04-03,237.81,239.48
2018-04-04,235.87,242.24
2018-04-05,243.9,243.99
2018-04-06,241.94,238.62
2018-04-09,240.15,239.59
2018-04-10,242.75,243.54
2018-04-11,242.0,242.25
2018-04-12,243.71,244.28
2018-04-13,245.84,243.6
2018-04-16,245.27,245.58
2018-04-17,247.42,248.22
2018-04-18,248.66,248.36
2018-04-19,247.62,247.0
2018-04-20,246.95,245.0
2018-04-23,245.55,244.89
2018-04-24,245.97,241.55
2018-04-25,241.51,242.17
2018-04-26,243.22,244.66
2018-04-27,245.23,244.92
2018-04-30,245.51,242.92
2018-05-01,242.45,243.44
2018-05-02,243.21,241.78
2018-05-03,240.88,241.21
2018-05-04,240.25,244.41
2018-05-07,245.19,245.17
2018-05-08,244.83,245.16
2018-05-09,245.86,247.54
2018-05-10,248.36,249.86
2018-05-11,250.04,250.47
2018-05-14,251.12,250.75
2018-05-15,249.5,249.03
2018-05-16,249.08,250.09
2018-05-17,249.79,249.88
2018-05-18,249.53,249.26
2018-05-21,250.77,251.09
2018-05-22,251.67,250.37
2018-05-23,249.12,251.15
2018-05-24,250.74,250.67
2018-05-25,250.04,250.04
2018-05-29,248.28,247.15
2018-05-30,248.53,250.41
2018-05-31,249.99,248.79
2018-06-01,250.23,251.41
2018-06-04,252.17,252.52
2018-06-05,252.66,252.87
2018-06-06,253.37,254.89
2018-06-07,255.37,254.77
2018-06-08,254.36,255.57
2018-06-11,255.79,255.9
2018-06-12,256.39,256.33
2018-06-13,256.53,255.31
2018-06-14,256.31,256.05
2018-06-15,255.27,255.83
2018-06-18,254.18,255.22
2018-06-19,252.83,254.25
2018-06-20,254.97,254.71
2018-06-21,254.66,253.12
2018-06-22,254.4,253.57
2018-06-25,252.37,250.06
2018-06-26,250.66,250.61
2018-06-27,251.27,248.53
2018-06-28,247.3,248.88
2018-06-29,249.98,249.51
2018-07-02,247.56,249.8
2018-07-03,250.68,248.79
2018-07-05,250.07,250.92
2018-07-06,250.91,253.01
2018-07-09,254.05,255.25
2018-07-10,255.75,256.14
2018-07-11,254.6,254.39
2018-07-12,255.66,256.57
2018-07-13,256.49,256.79
2018-07-16,256.89,256.63
2018-07-17,255.85,257.73
2018-07-18,257.76,258.2
2018-07-19,257.5,257.22
2018-07-20,257.0,256.98
2018-07-23,256.73,257.47
2018-07-24,258.84,258.68
2018-07-25,258.54,261.05
2018-07-26,260.14,260.28
2018-07-27,260.73,258.59
2018-07-30,258.6,257.1
2018-07-31,258.02,258.4
2018-08-01,258.64,258.08
2018-08-02,256.73,259.39
2018-08-03,259.6,260.66
2018-08-06,260.56,261.64
2018-08-07,262.2,262.37
2018-08-08,262.23,262.23
2018-08-09,262.33,261.9
2018-08-10,260.36,260.12
2018-08-13,260.41,259.14
2018-08-14,259.94,260.81
2018-08-15,259.43,258.89
2018-08-16,260.36,260.99
2018-08-17,260.71,261.86
2018-08-20,262.4,262.44
2018-08-21,263.01,263.01
2018-08-22,262.64,262.93
2018-08-23,262.68,262.55
2018-08-24,263.16,264.2
2018-08-27,265.38,266.19
2018-08-28,266.76,266.34
2018-08-29,266.59,267.8
2018-08-30,267.31,266.71
2018-08-31,266.33,266.72
2018-09-04,266.35,266.35
2018-09-05,265.91,265.6
2018-09-06,265.69,264.82
2018-09-07,263.63,264.18
2018-09-10,265.28,264.68
2018-09-11,264.03,265.68
2018-09-12,265.61,265.71
2018-09-13,266.78,267.22
2018-09-14,267.47,267.36
2018-09-17,267.22,265.85
2018-09-18,266.1,267.3
2018-09-19,267.35,267.6
2018-09-20,268.89,269.75
2018-09-21,270.55,269.56
2018-09-24,268.93,268.66
2018-09-25,269.1,268.33
2018-09-26,267.32,266.34
2018-09-27,266.876,267.08
2018-09-28,266.5,267.05
2018-10-01,268.46,268.04
2018-10-02,267.97,267.98
2018-10-03,269.02,268.24
2018-10-04,267.57,266.04
2018-10-05,266.19,264.54
2018-10-08,263.77,264.47
2018-10-09,264.1,264.13
2018-10-10,263.62,255.6
2018-10-11,254.81,250.22
2018-10-12,254.39,253.6
2018-10-15,253.19,252.21
2018-10-16,254.14,257.58
2018-10-17,257.75,257.67
2018-10-18,256.754,254.05
2018-10-19,254.665,253.85
2018-10-22,254.55,252.8
2018-10-23,249.0,251.28
2018-10-24,251.19,243.78
2018-10-25,245.71,248.15
2018-10-26,244.34,243.76
2018-10-29,247.03,242.5
2018-10-30,242.31,246.21
2018-10-31,248.72,248.79
2018-11-01,249.63,251.37
2018-11-02,252.44,249.81
2018-11-05,250.32,251.23
2018-11-06,251.18,252.82
2018-11-07,255.07,258.16
2018-11-08,257.49,257.72
2018-11-09,256.5,255.34
2018-11-12,254.69,250.41
2018-11-13,250.96,249.99
2018-11-14,251.96,248.28
2018-11-15,247.02,250.85
2018-11-16,249.77,251.49
2018-11-19,250.94,247.32
2018-11-20,243.84,242.77
2018-11-21,244.24,243.58
2018-11-23,241.8,242.01
2018-11-26,244.23,245.8
2018-11-27,244.73,246.57
2018-11-28,247.72,252.33
2018-11-29,251.54,251.81
2018-11-30,251.64,253.48
2018-12-03,257.65,256.61
2018-12-04,255.85,248.65
2018-12-06,244.42,248.02
2018-12-07,247.63,242.26
2018-12-10,242.0,242.55
2018-12-11,245.95,242.62
2018-12-12,245.8,243.96
2018-12-13,244.86,243.88
2018-12-14,241.65,239.38
2018-12-17,237.06,233.23
2018-12-18,235.0,233.14
2018-12-19,233.21,229.42
2018-12-20,228.35,225.65
2018-12-21,226.74,221.16
2018-12-24,219.74,215.07
2018-12-26,216.88,225.95
2018-12-27,222.961,228.05
2018-12-28,229.32,227.76
2018-12-31,229.31,229.81
2019-01-02,226.18,229.99
2019-01-03,228.1,224.5
2019-01-04,227.54,231.91
2019-01-07,232.29,233.65
2019-01-08,236.05,235.92
2019-01-09,236.71,237.01
2019-01-10,235.65,238.0
2019-01-11,236.85,237.89
2019-01-14,236.1,236.58
2019-01-15,236.97,239.35
2019-01-16,239.72,239.88
2019-01-17,239.0,241.67
2019-01-18,243.56,244.92
2019-01-22,243.39,241.66
2019-01-23,242.68,242.02
2019-01-24,241.9,242.26
2019-01-25,244.11,244.32
2019-01-28,242.09,242.43
2019-01-29,242.55,242.13
2019-01-30,243.66,245.96
2019-01-31,245.86,248.01
2019-02-01,248.31,248.22
2019-02-04,248.3,249.99
2019-02-05,250.44,251.1
2019-02-06,250.75,250.79
2019-02-07,249.04,248.33
2019-02-08,247.01,248.65
2019-02-11,249.28,248.78
2019-02-12,250.38,252.0
2019-02-13,252.82,252.76
2019-02-14,251.65,252.2
2019-02-15,254.026,254.98
2019-02-19,254.15,255.42
2019-02-20,255.41,256.01
2019-02-21,255.33,255.08
2019-02-22,255.69,256.61
2019-02-25,258.09,256.99
2019-02-26,256.55,256.8
2019-02-27,256.06,256.67
2019-02-28,256.42,256.07
2019-03-01,257.81,257.83
2019-03-04,258.87,256.84
2019-03-05,256.99,256.54
2019-03-06,256.62,254.9
2019-03-07,254.48,252.85
2019-03-08,250.88,252.34
2019-03-11,253.04,256.02
2019-03-12,256.52,256.93
2019-03-13,257.84,258.68
2019-03-14,258.68,258.59
2019-03-15,259.02,259.85
2019-03-18,260.0,260.78
2019-03-19,261.81,260.86
2019-03-20,260.54,259.93
2019-03-21,257.68,261.43
2019-03-22,260.07,256.46
2019-03-25,256.09,256.23
2019-03-26,258.01,258.08
2019-03-27,258.15,256.88
2019-03-28,257.45,257.88
2019-03-29,259.34,259.54
2019-04-01,261.46,262.53
2019-04-02,262.67,262.62
2019-04-03,263.87,263.11
2019-04-04,263.37,263.74
2019-04-05,264.42,265.01
2019-04-08,264.57,265.24
2019-04-09,264.22,263.83
2019-04-10,264.25,264.74
2019-04-11,265.24,264.69
2019-04-12,266.33,266.48
2019-04-15,266.57,266.3
2019-04-16,267.2,266.49
2019-04-17,267.59,265.84
2019-04-18,266.44,266.34
2019-04-22,265.56,266.6
2019-04-23,266.96,268.9
2019-04-24,268.89,268.37
2019-04-25,268.28,268.27
2019-04-26,268.28,269.5
2019-04-29,269.56,269.84
2019-04-30,269.56,270.01
2019-05-01,270.68,268.04
2019-05-02,267.88,267.51
2019-05-03,268.92,270.05
2019-05-06,265.65,268.98
2019-05-07,266.48,264.62
2019-05-08,264.14,264.1
2019-05-09,261.94,263.29
2019-05-10,262.37,264.52
2019-05-13,259.37,258.03
2019-05-14,258.99,260.27
2019-05-15,258.63,261.81
2019-05-16,262.47,264.21
2019-05-17,261.89,262.61
2019-05-20,260.9,260.82
2019-05-21,262.5,263.03
2019-05-22,262.12,262.31
2019-05-23,260.08,259.24
2019-05-24,260.595,259.69
2019-05-28,259.96,257.36
2019-05-29,256.13,255.59
2019-05-30,256.28,256.3
2019-05-31,253.63,252.87
2019-06-03,252.83,252.12
2019-06-04,254.48,257.67
2019-06-05,259.24,259.85
2019-06-06,260.17,261.54
2019-06-07,262.62,264.15
2019-06-10,265.76,265.39
2019-06-11,267.25,265.34
2019-06-12,265.12,264.84
2019-06-13,265.82,266.02
2019-06-14,265.71,265.62
2019-06-17,265.94,265.86
2019-06-18,267.65,268.51
2019-06-19,268.74,269.22
2019-06-20,271.94,271.73
2019-06-21,271.53,271.41
2019-06-24,271.59,271.06
2019-06-25,271.1,268.38
2019-06-26,269.3,268.12
2019-06-27,267.49,267.67
2019-06-28,268.7,269.15
2019-07-01,272.46,271.44
2019-07-02,271.47,272.23
2019-07-03,272.91,274.32
2019-07-05,273.14,273.97
2019-07-08,272.79,272.6
2019-07-09,271.4,272.94
2019-07-10,274.02,274.21
2019-07-11,274.87,274.76
2019-07-12,275.39,276.11
2019-07-15,276.53,276.18
2019-07-16,276.12,275.28
2019-07-17,275.28,273.42
2019-07-18,272.91,274.42
2019-07-19,275.52,272.95
2019-07-22,273.32,273.61
2019-07-23,274.71,275.49
2019-07-24,274.78,276.76
2019-07-25,276.41,275.41
2019-07-26,276.2,277.38
2019-07-29,277.23,276.88
2019-07-30,275.45,276.21
2019-07-31,276.39,273.08
2019-08-01,273.28,270.79
2019-08-02,269.89,268.81
2019-08-05,264.57,260.88
2019-08-06,262.53,264.24
2019-08-07,261.16,264.42
2019-08-08,266.0,269.58
2019-08-09,268.72,267.7
2019-08-12,266.24,264.58
2019-08-13,264.22,268.66
2019-08-14,264.56,260.57
2019-08-15,261.62,261.39
2019-08-16,263.07,265.22
2019-08-19,268.36,268.48
2019-08-20,267.98,266.4
2019-08-21,268.58,268.56
2019-08-22,269.28,268.46
2019-08-23,267.19,261.57
2019-08-26,263.81,264.47
2019-08-27,265.92,263.43
2019-08-28,262.73,265.26
2019-08-29,267.91,268.71
2019-08-30,270.15,268.6
2019-09-03,266.83,267.11
2019-09-04,269.25,269.97
2019-09-05,272.57,273.54
2019-09-06,273.93,273.74
2019-09-09,274.8,273.81
2019-09-10,273.11,273.87
2019-09-11,274.15,275.84
2019-09-12,276.71,276.65
2019-09-13,277.21,276.58
2019-09-16,275.38,275.67
2019-09-17,275.46,276.42
2019-09-18,276.0,276.59
2019-09-19,277.0,276.53
2019-09-20,277.18,275.05
2019-09-23,274.59,275.24
2019-09-24,276.31,272.96
2019-09-25,273.08,274.63
2019-09-26,273.34,272.79
2019-09-27,273.56,271.26
2019-09-30,271.82,272.6
2019-10-01,273.44,269.32
2019-10-02,267.73,264.57
2019-10-03,264.35,266.67
2019-10-04,267.45,270.37
2019-10-07,269.56,269.21
2019-10-08,267.28,265.03
2019-10-09,267.04,267.5
2019-10-10,267.42,269.32
2019-10-11,272.1,272.13
2019-10-14,271.79,271.88
2019-10-15,272.87,274.51
2019-10-16,274.07,274.08
2019-10-17,275.24,274.82
2019-10-18,274.36,273.69
2019-10-21,275.05,275.6
2019-10-22,276.09,274.63
2019-10-23,274.41,275.44
2019-10-24,276.38,275.89
2019-10-25,275.33,277.04
2019-10-28,278.22,278.65
2019-10-29,278.32,278.47
2019-10-30,278.69,279.45
2019-10-31,279.35,278.55
2019-11-01,280.05,281.2
2019-11-04,282.79,282.32
2019-11-05,282.58,281.96
2019-11-06,282.04,282.11
2019-11-07,283.46,283.11
2019-11-08,282.74,283.8
2019-11-11,282.43,283.25
2019-11-12,283.58,283.81
2019-11-13,282.83,283.93
2019-11-14,283.64,284.31
2019-11-15,285.64,286.43
2019-11-18,286.18,286.61
2019-11-19,287.24,286.47
2019-11-20,285.91,285.46
2019-11-21,285.52,285.02
2019-11-22,285.75,285.65
2019-11-25,286.6,287.82
2019-11-26,287.91,288.4
2019-11-27,289.06,289.76
2019-11-29,289.25,288.65
2019-12-02,289.03,286.3
2019-12-03,283.52,284.29
2019-12-04,285.41,286.11
2019-12-05,286.83,286.64
2019-12-06,288.58,289.19
2019-12-09,288.87,288.31
2019-12-10,288.31,288.04
2019-12-11,288.45,288.79
2019-12-12,288.85,291.33
2019-12-13,291.09,291.44
2019-12-16,293.26,293.5
2019-12-17,293.99,293.56
2019-12-18,294.02,293.58
2019-12-19,293.78,294.8
2019-12-20,295.89,296.3
2019-12-23,295.49,295.16
2019-12-24,295.36,295.16
2019-12-26,295.56,296.67
2019-12-27,297.51,296.67
2019-12-30,296.75,295.04
2019-12-31,294.53,295.8
2020-01-02,297.29,298.42
2020-01-03,295.22,296.24
2020-01-06,294.42,297.35
2020-01-07,296.82,296.53
2020-01-08,296.71,298.06
2020-01-09,299.73,300.12
2020-01-10,300.74,299.26
2020-01-13,299.91,301.24
2020-01-14,300.89,300.84
2020-01-15,300.81,301.51
2020-01-16,302.94,304.03
2020-01-17,304.77,305.06
2020-01-21,304.08,304.43
2020-01-22,305.31,304.51
2020-01-23,303.84,304.81
2020-01-24,305.42,302.03
2020-01-27,296.84,297.23
2020-01-28,298.7,300.45
2020-01-29,301.78,300.15
2020-01-30,298.04,301.09
2020-01-31,300.44,295.69
2020-02-03,297.12,297.84
2020-02-04,301.5,302.43
2020-02-05,305.4,305.85
2020-02-06,306.8,306.89
2020-02-07,305.83,305.33
2020-02-10,304.39,307.52
2020-02-11,308.93,308.08
2020-02-12,309.56,310.06
2020-02-13,308.6,309.76
2020-02-14,310.11,310.28
2020-02-18,309.24,309.43
2020-02-19,310.42,310.92
2020-02-20,310.35,309.7
2020-02-21,308.3,306.49
2020-02-24,296.96,296.24
2020-02-25,297.73,287.34
2020-02-26,288.61,286.07
2020-02-27,280.57,273.39
2020-02-28,265.32,271.74
2020-03-02,274.0,283.87
2020-03-03,284.34,276.04
2020-03-04,281.23,287.48
2020-03-05,280.3,277.85
2020-03-06,269.32,273.19
2020-03-09,253.89,252.11
2020-03-10,260.48,263.81
2020-03-11,256.66,250.73
2020-03-12,234.94,226.48
2020-03-13,240.66,247.64
2020-03-16,222.85,218.57
2020-03-17,223.75,232.88
2020-03-18,216.08,220.15
2020-03-19,218.43,220.34
2020-03-20,222.8,210.74
2020-03-23,209.63,204.27
2020-03-24,216.39,223.75
2020-03-25,225.0,226.62
2020-03-26,229.272,240.24
2020-03-27,232.7,232.86
2020-03-30,234.92,240.39
2020-03-31,239.45,236.82
2020-04-01,227.92,226.15
2020-04-02,225.335,231.44
2020-04-03,230.43,228.02
2020-04-06,236.96,243.53
2020-04-07,251.92,243.66
2020-04-08,246.24,251.93
2020-04-09,255.12,255.67
2020-04-13,254.64,253.19
2020-04-14,258.24,260.92
2020-04-15,255.08,255.24
2020-04-16,256.514,256.53
2020-04-17,262.31,263.61
2020-04-20,259.65,258.86
2020-04-21,254.25,250.95
2020-04-22,255.83,256.47
2020-04-23,257.75,256.42
2020-04-24,258.0,260.14
2020-04-27,262.01,263.9
2020-04-28,267.48,262.68
2020-04-29,267.98,269.45
2020-04-30,268.08,267.1
2020-05-01,262.14,259.82
2020-05-04,257.92,260.64
2020-05-05,263.45,263.04
2020-05-06,264.71,261.27
2020-05-07,264.45,264.36
2020-05-08,267.53,268.78
2020-05-11,266.78,268.82
2020-05-12,269.98,263.41
2020-05-13,262.87,258.74
2020-05-14,256.33,261.86
2020-05-15,259.54,263.04
2020-05-18,269.32,271.08
2020-05-19,270.61,268.52
2020-05-20,271.92,272.9
2020-05-21,272.8,270.94
2020-05-22,270.76,271.55
2020-05-26,277.53,275.04
2020-05-27,277.78,279.05
2020-05-28,280.03,278.5
2020-05-29,278.03,279.75
2020-06-01,279.07,280.97
2020-06-02,281.79,283.28
2020-06-03,285.2,287.02
2020-06-04,286.0,286.29
2020-06-05,291.63,293.61
2020-06-08,294.43,297.17
2020-06-09,294.49,295.06
2020-06-10,295.53,293.22
2020-06-11,286.36,276.32
2020-06-12,283.35,279.65
2020-06-15,273.91,282.2
2020-06-16,290.05,287.72
2020-06-17,288.73,286.4
2020-06-18,284.97,286.66
2020-06-19,290.04,284.97
2020-06-22,284.35,286.86
2020-06-23,289.51,288.16
2020-06-24,286.08,280.79
2020-06-25,280.26,283.76
2020-06-26,282.72,277.11
2020-06-29,276.89,279.7
2020-06-30,279.29,283.43
2020-07-01,284.37,285.37
2020-07-02,288.76,286.81
2020-07-06,290.67,291.26
2020-07-07,289.67,288.24
2020-07-08,289.0,290.38
2020-07-09,291.02,288.9
2020-07-10,288.72,291.8
2020-07-13,294.1,289.16
2020-07-14,287.79,293.03
2020-07-15,296.19,295.63
2020-07-16,293.8,294.77
2020-07-17,295.72,295.55
2020-07-20,295.33,298.01
2020-07-21,299.86,298.63
2020-07-22,298.23,300.33
2020-07-23,299.93,296.74
2020-07-24,294.86,294.82
2020-07-27,295.48,296.97
2020-07-28,296.18,295.13
2020-07-29,296.0,298.7
2020-07-30,295.74,297.61
2020-07-31,299.45,300.1
2020-08-03,301.65,301.99
2020-08-04,301.22,303.26
2020-08-05,304.61,305.15
2020-08-06,304.58,307.2
2020-08-07,306.23,307.36
2020-08-10,307.88,308.34
2020-08-11,309.52,305.85
2020-08-12,308.25,310.04
2020-08-13,309.3,309.51
2020-08-14,309.15,309.51
2020-08-17,310.44,310.51
2020-08-18,310.93,311.16
2020-08-19,311.55,309.84
2020-08-20,308.11,310.82
2020-08-21,310.48,311.93
2020-08-24,314.355,315.1
2020-08-25,315.69,316.2
2020-08-26,316.75,319.43
2020-08-27,320.22,320.07
2020-08-28,321.14,322.15
2020-08-31,321.98,321.02
2020-09-01,321.81,324.02
2020-09-02,325.94,328.74
2020-09-03,327.01,317.36
2020-09-04,317.77,314.82
2020-09-08,309.35,306.17
2020-09-09,310.145,312.21
2020-09-10,314.05,306.75
2020-09-11,308.55,306.98
2020-09-14,310.08,310.97
2020-09-15,313.47,312.57
2020-09-16,313.81,311.31
2020-09-17,306.48,308.59
2020-09-18,309.44,305.0
2020-09-21,300.47,301.69
2020-09-22,303.11,304.74
2020-09-23,305.28,297.68
2020-09-24,296.31,298.5
2020-09-25,297.575,303.28
2020-09-28,307.42,308.36
2020-09-29,306.84,305.3
2020-09-30,306.04,307.65
2020-10-01,310.16,309.6
2020-10-02,304.72,306.72
2020-10-05,308.69,312.08
2020-10-06,312.25,307.72
2020-10-07,310.607,313.0
2020-10-08,314.96,315.77
2020-10-09,317.47,318.58
2020-10-12,321.14,323.72
2020-10-13,323.64,321.65
2020-10-14,322.22,319.64
2020-10-15,315.71,319.26
2020-10-16,320.65,318.99
2020-10-19,320.3,314.17
2020-10-20,315.48,315.41
2020-10-21,315.4,314.84
2020-10-22,315.06,316.57
2020-10-23,317.84,317.65
2020-10-26,314.31,311.8
2020-10-27,312.18,310.77
2020-10-28,305.13,300.07
2020-10-29,300.32,303.23
2020-10-30,301.56,299.82
2020-11-02,303.37,303.31
2020-11-03,306.57,308.66
2020-11-04,313.19,315.61
2020-11-05,320.94,321.79
2020-11-06,321.44,321.75
2020-11-09,334.36,325.76
2020-11-10,324.77,325.34
2020-11-11,327.42,327.63
2020-11-12,326.74,324.6
2020-11-13,326.45,329.01
2020-11-16,331.65,333.0
2020-11-17,330.73,331.34
2020-11-18,331.63,327.32
2020-11-19,326.76,328.69
2020-11-20,328.41,326.49
2020-11-23,328.28,328.42
2020-11-24,331.02,333.74
2020-11-25,333.67,333.19
2020-11-27,334.285,334.14
2020-11-30,333.4,332.64
2020-12-01,335.91,336.3
2020-12-02,335.22,337.01
2020-12-03,336.91,336.91
2020-12-04,337.505,339.81
2020-12-07,339.07,339.18
2020-12-08,337.89,340.16
2020-12-09,340.79,337.14
2020-12-10,335.74,336.98
2020-12-11,335.31,336.55
2020-12-14,338.76,335.01
2020-12-15,337.64,339.64
2020-12-16,339.83,340.16
2020-12-17,341.77,342.01
2020-12-18,342.39,340.64
2020-12-21,336.83,339.59
2020-12-22,338.47,337.54
2020-12-23,338.54,337.81
2020-12-24,338.37,339.16
2020-12-28,341.74,342.11
2020-12-29,343.63,341.39
2020-12-30,342.28,341.85
2020-12-31,341.82,343.69
2021-01-04,345.02,339.03
2021-01-05,338.4,341.26
2021-01-06,339.79,343.33
2021-01-07,345.74,348.46
2021-01-08,349.88,350.42
2021-01-11,347.36,348.13
2021-01-12,348.3,348.16
2021-01-13,348.11,349.03
2021-01-14,349.85,347.85
2021-01-15,346.27,345.37
2021-01-19,347.8,348.1
2021-01-20,350.32,352.83
2021-01-21,353.46,353.16
2021-01-22,351.38,351.9
2021-01-25,352.71,353.33
2021-01-26,354.23,352.8
2021-01-27,349.54,344.24
2021-01-28,345.97,347.13
2021-01-29,345.31,340.18
2021-02-01,343.63,345.77
2021-02-02,349.05,350.74
2021-02-03,351.7,351.09
2021-02-04,352.12,355.02
2021-02-05,356.9,356.44
2021-02-08,357.92,359.07
2021-02-09,358.22,358.78
2021-02-10,360.53,358.64
2021-02-11,359.71,359.22
2021-02-12,358.45,361.05
2021-02-16,362.15,360.71
2021-02-17,359.03,360.79
2021-02-18,358.24,359.25
2021-02-19,360.47,358.59
2021-02-22,355.84,355.77
2021-02-23,353.69,356.22
2021-02-24,355.15,360.16
2021-02-25,359.03,351.52
2021-02-26,353.47,349.59
2021-03-01,354.55,358.12
2021-03-02,358.38,355.35
2021-03-03,354.7,350.66
2021-03-04,350.49,346.34
2021-03-05,349.77,352.69
2021-03-08,353.63,350.96
2021-03-09,354.75,355.87
2021-03-10,358.3,358.07
2021-03-11,360.66,361.85
2021-03-12,360.5,362.36
2021-03-15,362.67,364.46
2021-03-16,365.12,364.05
2021-03-17,362.83,365.24
2021-03-18,362.73,359.87
2021-03-19,359.65,359.23
2021-03-22,359.79,362.07
2021-03-23,361.53,359.41
2021-03-24,360.71,357.42
2021-03-25,356.08,359.43
2021-03-26,359.37,364.01
2021-03-29,362.57,363.79
2021-03-30,362.56,362.86
2021-03-31,363.39,364.3
2021-04-01,366.2,368.16
2021-04-05,370.89,373.47
2021-04-06,373.04,373.26
2021-04-07,373.14,373.73
2021-04-08,374.97,375.55
2021-04-09,375.42,378.25
2021-04-12,377.7,378.42
2021-04-13,378.37,379.45
2021-04-14,379.46,378.23
2021-04-15,380.33,382.29
2021-04-16,383.558,383.63
2021-04-19,382.62,381.74
2021-04-20,380.49,378.94
2021-04-21,378.28,382.5
2021-04-22,382.32,378.99
2021-04-23,379.57,383.03
2021-04-26,383.73,383.86
2021-04-27,384.2,383.74
2021-04-28,384.1,383.56
2021-04-29,386.4,386.12
2021-04-30,383.91,383.57
2021-05-03,385.56,384.44
2021-05-04,382.52,382.1
2021-05-05,383.72,382.17
2021-05-06,382.26,385.28
2021-05-07,386.02,388.03
2021-05-10,388.41,384.23
2021-05-11,379.75,380.86
2021-05-12,378.04,372.73
2021-05-13,374.21,377.16
2021-05-14,379.81,382.95
2021-05-17,381.9,382.03
2021-05-18,382.25,378.73
2021-05-19,374.06,377.73
2021-05-20,378.57,381.76
2021-05-21,383.23,381.47
2021-05-24,383.69,385.32
2021-05-25,386.4,384.51
2021-05-26,385.09,385.21
2021-05-27,386.282,385.38
2021-05-28,387.03,386.13
2021-06-01,388.5,385.83
2021-06-02,386.45,386.48
2021-06-03,384.17,385.01
2021-06-04,386.81,388.5
2021-06-07,388.52,388.17
2021-06-08,389.0,388.23
2021-06-09,389.08,387.62
2021-06-10,388.86,389.41
2021-06-11,390.0,390.09
2021-06-14,390.21,391.07
2021-06-15,391.15,390.25
2021-06-16,390.419,388.11
2021-06-17,387.62,387.97
2021-06-18,384.79,382.82
2021-06-21,384.5,388.18
2021-06-22,388.24,390.24
2021-06-23,390.35,389.82
2021-06-24,391.89,392.05
2021-06-25,392.9,393.5
2021-06-28,394.03,394.32
2021-06-29,393.35,393.16
2021-06-30,392.72,393.52
2021-07-01,394.3,395.74
2021-07-02,396.85,398.75
2021-07-06,398.77,398.0
2021-07-07,398.67,399.37
2021-07-08,394.2,396.19
2021-07-09,397.63,400.37
2021-07-12,400.3,401.82
2021-07-13,401.08,400.46
2021-07-14,402.06,401.01
2021-07-15,399.74,399.72
2021-07-16,400.84,396.61
2021-07-19,391.78,390.68
2021-07-20,391.345,396.2
2021-07-21,397.48,399.53
2021-07-22,399.71,400.38
2021-07-23,402.17,404.38
2021-07-26,403.92,405.41
2021-07-27,404.45,403.61
2021-07-28,404.17,403.39
2021-07-29,404.36,405.13
2021-07-30,402.59,403.15
2021-08-02,404.78,402.33
2021-08-03,403.08,405.58
2021-08-04,404.31,403.64
2021-08-05,404.7,406.16
2021-08-06,406.44,406.86
2021-08-09,406.75,406.47
2021-08-10,406.91,406.98
2021-08-11,408.0,407.96
2021-08-12,407.82,409.15
2021-08-13,409.64,409.96
2021-08-16,408.71,410.94
2021-08-17,408.41,408.23
2021-08-18,407.22,403.84
2021-08-19,401.09,404.41
2021-08-20,404.68,407.61
2021-08-23,409.25,411.22
2021-08-24,411.9,411.87
2021-08-25,412.06,412.63
2021-08-26,412.41,410.22
2021-08-27,411.09,413.86
2021-08-30,414.66,415.76
2021-08-31,415.66,415.05
2021-09-01,416.05,415.49
2021-09-02,416.8,416.73
2021-09-03,415.58,416.57
2021-09-07,416.27,415.03
2021-09-08,414.53,414.63
2021-09-09,414.34,412.77
2021-09-10,414.69,409.58
2021-09-13,412.52,410.54
2021-09-14,412.02,408.41
2021-09-15,408.79,411.82
2021-09-16,411.27,411.11
2021-09-17,410.35,407.08
2021-09-20,401.11,400.43
2021-09-21,402.66,400.04
2021-09-22,402.17,403.9
2021-09-23,405.71,408.78
2021-09-24,407.17,409.46
2021-09-27,408.421,408.3
2021-09-28,405.55,400.14
2021-09-29,400.1,399.46
2021-09-30,400.85,394.4
2021-10-01,396.226,399.12
2021-10-04,398.12,394.21
2021-10-05,395.56,398.04
2021-10-06,394.65,399.81
2021-10-07,403.07,403.25
2021-10-08,404.04,402.49
2021-10-11,401.91,399.56
2021-10-12,400.55,398.76
2021-10-13,399.64,400.04
2021-10-14,403.7,406.76
2021-10-15,408.92,409.93
2021-10-18,408.2,411.18
2021-10-19,412.74,414.38
2021-10-20,414.74,415.99
2021-10-21,415.38,417.01
2021-10-22,416.58,416.59
2021-10-25,417.64,418.75
2021-10-26,420.27,419.15
2021-10-27,419.66,417.33
2021-10-28,418.78,421.41
2021-10-29,419.15,422.16
2021-11-01,423.19,423.05
2021-11-02,423.15,424.69
2021-11-03,424.14,427.25
2021-11-04,427.85,429.25
2021-11-05,431.55,430.71
2021-11-08,431.88,431.23
2021-11-09,431.56,429.72
2021-11-10,428.09,426.26
2021-11-11,427.7,426.4
2021-11-12,427.66,429.57
2021-11-15,430.95,429.77
2021-11-16,429.52,431.41
2021-11-17,431.24,430.37
2021-11-18,431.44,431.86
2021-11-19,431.87,431.05
2021-11-22,432.93,429.91
2021-11-23,429.57,430.47
2021-11-24,428.56,431.53
2021-11-26,425.19,422.14
2021-11-29,426.71,427.24
2021-11-30,424.8,419.06
2021-12-01,424.47,414.24
2021-12-02,414.42,420.56
2021-12-03,422.12,416.84
2021-12-06,419.41,421.82
2021-12-07,426.98,430.49
2021-12-08,430.95,431.7
2021-12-09,430.46,428.76
2021-12-10,431.44,432.85
2021-12-13,432.36,429.01
2021-12-14,425.8,426.09
2021-12-15,426.11,432.75
2021-12-16,434.56,428.84
2021-12-17,425.85,424.39
2021-12-20,419.39,419.8
2021-12-21,421.65,425.69
2021-12-22,425.45,429.99
2021-12-23,430.91,432.64
2021-12-27,433.98,438.81
2021-12-28,439.28,438.48
2021-12-29,438.5,439.01
2021-12-30,439.39,437.77
2021-12-31,437.23,436.57
2022-01-03,437.93,439.25
2022-01-04,440.58,439.07
2022-01-05,438.78,430.66
2022-01-06,430.2,430.08
2022-01-07,430.21,428.59
2022-01-10,425.38,428.03
2022-01-11,427.68,431.78
2022-01-12,433.56,433.07
2022-01-13,434.09,427.1
2022-01-14,423.945,427.23
2022-01-18,422.62,419.74
2022-01-19,421.17,415.33
2022-01-20,417.17,410.76
2022-01-21,409.71,402.69
2022-01-24,397.26,404.37
2022-01-25,398.17,399.46
2022-01-26,405.66,398.56
2022-01-27,402.93,396.54
2022-01-28,397.82,406.26
2022-01-31,405.67,413.69
2022-02-01,414.34,416.39
2022-02-02,418.98,420.36
2022-02-03,414.59,410.59
2022-02-04,410.34,412.52
2022-02-07,413.23,411.16
2022-02-08,410.72,414.49
2022-02-09,418.55,420.57
2022-02-10,414.93,413.18
2022-02-11,413.15,404.94
2022-02-14,404.43,403.62
2022-02-15,408.18,410.1
2022-02-16,408.2,410.59
2022-02-17,407.49,401.86
2022-02-18,402.15,399.29
2022-02-22,397.05,394.92
2022-02-23,397.74,387.81
2022-02-24,377.76,393.77
2022-02-25,394.95,402.37
2022-02-28,397.18,401.36
2022-03-01,400.01,395.34
2022-03-02,397.72,402.6
2022-03-03,405.02,400.58
2022-03-04,396.93,397.34
2022-03-07,396.73,385.61
2022-03-08,385.76,382.7
2022-03-09,390.88,392.9
2022-03-10,388.44,391.15
2022-03-11,393.62,386.16
2022-03-14,387.07,383.34
2022-03-15,385.86,391.75
2022-03-16,395.5,400.51
2022-03-17,398.64,405.41
2022-03-18,403.98,409.89
2022-03-21,409.84,409.91
2022-03-22,411.2,414.67
2022-03-23,412.16,409.33
2022-03-24,409.89,414.02
2022-03-25,414.79,416.12
2022-03-28,415.5,418.99
2022-03-29,422.96,424.29
2022-03-30,423.26,421.65
2022-03-31,420.97,415.17
2022-04-01,416.68,416.32
2022-04-04,416.45,419.85
2022-04-05,418.56,414.66
2022-04-06,410.76,410.46
2022-04-07,409.6,412.53
2022-04-08,411.85,411.53
2022-04-11,408.5,404.4
2022-04-12,407.33,402.92
2022-04-13,402.57,407.47
2022-04-14,407.72,402.52
2022-04-18,401.55,402.59
2022-04-19,402.58,409.02
2022-04-20,410.82,408.71
2022-04-21,412.38,402.65
2022-04-22,401.67,391.66
2022-04-25,389.42,393.8
2022-04-26,391.4,382.54
2022-04-27,383.5,383.53
2022-04-28,388.23,393.14
2022-04-29,389.42,378.7
2022-05-02,378.79,381.08
2022-05-03,381.62,382.73
2022-05-04,383.35,394.34
2022-05-05,390.22,380.49
2022-05-06,378.01,378.1
2022-05-09,372.36,365.9
2022-05-10,371.9,366.84
2022-05-11,365.97,360.93
2022-05-12,357.835,360.65
2022-05-13,364.73,369.16
2022-05-16,367.71,367.84
2022-05-17,373.66,375.2
2022-05-18,370.98,360.34
2022-05-19,357.17,357.93
2022-05-20,361.41,358.02
2022-05-23,361.09,364.81
2022-05-24,360.85,362.18
2022-05-25,360.54,365.2
2022-05-26,366.445,372.46
2022-05-27,374.94,381.8
2022-05-31,380.23,379.68
2022-06-01,381.61,376.5
2022-06-02,376.41,383.65
2022-06-03,379.11,377.44
2022-06-06,381.33,378.47
2022-06-07,375.16,382.17
2022-06-08,380.5,377.99
2022-06-09,376.24,369.1
2022-06-10,362.93,358.27
2022-06-13,349.11,344.46
2022-06-14,346.37,343.6
2022-06-15,346.82,348.52
2022-06-16,340.48,337.07
2022-06-17,337.31,337.95
2022-06-21,343.19,346.23
2022-06-22,342.08,345.5
2022-06-23,347.63,349.13
2022-06-24,352.03,360.0
2022-06-27,361.0,358.65
2022-06-28,360.08,350.9
2022-06-29,350.43,349.64
2022-06-30,345.88,346.88
2022-07-01,346.16,350.44
2022-07-05,345.48,351.06
2022-07-06,351.23,352.33
2022-07-07,354.01,357.5
2022-07-08,355.906,357.29
2022-07-11,354.84,353.25
2022-07-12,352.6,349.99
2022-07-13,344.74,348.36
2022-07-14,343.41,347.44
2022-07-15,351.73,354.01
2022-07-18,356.97,351.08
2022-07-19,354.95,360.61
2022-07-20,360.7,362.92
2022-07-21,362.36,366.59
2022-07-22,366.69,363.25
2022-07-25,363.84,363.61
2022-07-26,362.12,359.25
2022-07-27,362.49,368.66
2022-07-28,369.42,373.32
2022-07-29,374.73,378.79
2022-08-01,376.12,377.65
2022-08-02,376.11,375.21
2022-08-03,377.19,381.07
2022-08-04,380.88,380.77
2022-08-05,376.65,379.98
2022-08-08,381.78,379.64
2022-08-09,379.02,378.14
2022-08-10,384.99,386.06
2022-08-11,388.87,386.06
2022-08-12,387.95,392.67
2022-08-15,390.49,394.35
2022-08-16,393.24,395.04
2022-08-17,391.56,392.34
2022-08-18,392.42,393.55
2022-08-19,390.7,388.12
2022-08-22,383.43,379.94
2022-08-23,379.56,379.04
2022-08-24,378.9,380.19
2022-08-25,381.76,385.73
2022-08-26,385.55,372.51
2022-08-29,369.77,370.05
2022-08-30,371.3,366.03
2022-08-31,367.61,363.15
2022-09-01,361.1,364.27
2022-09-02,367.95,360.45
2022-09-06,361.36,359.24
2022-09-07,358.86,365.68
2022-09-08,363.375,368.07
2022-09-09,370.24,373.75
2022-09-12,375.82,377.86
2022-09-13,369.34,361.38
2022-09-14,362.58,362.73
2022-09-15,361.16,358.68
2022-09-16,354.56,355.86
2022-09-19,352.8,358.59
2022-09-20,355.38,354.55
2022-09-21,356.38,348.31
2022-09-22,347.55,345.37
2022-09-23,342.08,339.63
2022-09-26,338.23,336.34
2022-09-27,339.79,335.39
2022-09-28,334.8,340.48
2022-09-29,337.15,333.38
2022-09-30,332.57,328.3
2022-10-03,331.79,336.98
2022-10-04,342.14,347.21
2022-10-05,343.12,346.61
2022-10-06,345.18,342.96
2022-10-07,339.08,333.33
2022-10-10,334.47,330.84
2022-10-11,329.2,328.66
2022-10-12,329.15,327.64
2022-10-13,320.84,336.22
2022-10-14,338.62,328.65
2022-10-17,334.57,337.0
2022-10-18,344.68,340.97
2022-10-19,339.04,338.61
2022-10-20,338.17,335.83
2022-10-21,335.5,343.9
2022-10-24,345.45,348.09
2022-10-25,348.05,353.75
2022-10-26,350.7,351.11
2022-10-27,352.05,349.23
2022-10-28,349.04,357.38
2022-10-31,355.16,354.95
2022-11-01,358.53,353.52
2022-11-02,352.78,344.5
2022-11-03,341.34,340.83
2022-11-04,346.41,345.82
2022-11-07,347.06,349.14
2022-11-08,350.21,351.04
2022-11-09,349.08,343.87
2022-11-10,356.52,362.69
2022-11-11,363.69,366.16
2022-11-14,364.57,363.22
2022-11-15,368.65,366.22
2022-11-16,364.7,363.44
2022-11-17,358.8,362.39
2022-11-18,365.46,363.99
2022-11-21,362.77,362.71
2022-11-22,364.51,367.54
2022-11-23,367.21,369.84
2022-11-25,369.39,369.8
2022-11-28,366.86,363.95
2022-11-29,363.93,363.31
2022-11-30,363.45,374.49
2022-12-01,375.87,374.54
2022-12-02,369.66,374.0
2022-12-05,371.28,367.34
2022-12-06,367.09,362.03
2022-12-07,361.05,361.33
2022-12-08,363.13,364.18
2022-12-09,363.0,361.52
2022-12-12,362.28,366.68
2022-12-13,377.11,369.39
2022-12-14,369.1,367.16
2022-12-15,362.47,358.13
2022-12-16,355.649,353.86
2022-12-19,354.13,350.81
2022-12-20,348.45,349.67
2022-12-21,352.2,354.9
2022-12-22,351.98,349.91
2022-12-23,348.93,351.87
2022-12-27,351.76,350.47
2022-12-28,350.42,346.17
2022-12-29,348.91,352.31
2022-12-30,349.79,351.34
2023-01-03,353.181,349.99
2023-01-04,352.1,352.51
2023-01-05,350.73,348.66
2023-01-06,351.59,356.59
2023-01-09,358.73,356.33
2023-01-10,355.84,358.87
2023-01-11,360.41,363.45
2023-01-12,364.48,364.81
2023-01-13,361.681,366.23
2023-01-17,366.19,365.67
2023-01-18,366.67,359.73
2023-01-19,357.76,357.14
2023-01-20,358.45,363.71
2023-01-23,364.51,368.14
2023-01-24,366.57,367.75
2023-01-25,363.78,367.88
2023-01-26,370.46,371.81
2023-01-27,370.89,372.87
2023-01-30,370.15,368.21
2023-01-31,368.61,373.44
2023-02-01,372.44,377.53
2023-02-02,381.25,382.94
2023-02-03,378.23,378.85
2023-02-06,376.575,376.66
2023-02-07,375.79,381.52
2023-02-08,379.69,377.34
2023-02-09,380.97,374.11
2023-02-10,373.0,375.02
2023-02-13,375.649,379.35
2023-02-14,377.96,379.21
2023-02-15,377.15,380.48
2023-02-16,375.66,375.19
2023-02-17,373.179,374.22
2023-02-21,370.4,366.79
2023-02-22,367.18,366.33
2023-02-23,369.07,368.17
2023-02-24,363.31,364.23
2023-02-27,367.49,365.49
2023-02-28,365.01,364.11
2023-03-01,363.34,362.78
2023-03-02,360.81,365.49
2023-03-03,367.29,371.28
2023-03-06,372.26,371.73
2023-03-07,371.63,365.98
2023-03-08,366.11,366.55
2023-03-09,367.35,359.84
2023-03-10,359.33,354.68
2023-03-13,350.76,354.08
2023-03-14,358.88,359.96
2023-03-15,354.46,357.74
2023-03-16,355.54,363.86
2023-03-17,362.76,359.88
2023-03-20,360.47,363.13
2023-03-21,366.42,367.88
2023-03-22,367.78,361.78
2023-03-23,364.48,362.64
2023-03-24,359.98,363.56
2023-03-27,365.725,364.16
2023-03-28,363.54,363.52
2023-03-29,367.4,368.69
2023-03-30,371.23,370.89
2023-03-31,371.78,376.07
2023-04-03,375.6,377.56
2023-04-04,378.19,375.43
2023-04-05,374.71,374.52
2023-04-06,373.67,375.95
2023-04-10,373.55,376.36
2023-04-11,376.9,376.41
2023-04-12,378.4,374.91
2023-04-13,375.91,379.77
2023-04-14,379.27,378.99
2023-04-17,378.84,380.28
2023-04-18,381.84,380.54
2023-04-19,378.73,380.52
2023-04-20,377.78,378.37
2023-04-21,378.68,378.59
2023-04-24,378.48,379.09
2023-04-25,377.18,373.1
2023-04-26,373.66,371.44
2023-04-27,373.89,378.81
2023-04-28,378.04,382.05
2023-05-01,381.73,381.79
2023-05-02,381.06,377.51
2023-05-03,377.91,374.88
2023-05-04,373.84,372.14
2023-05-05,375.74,378.97
2023-05-08,379.41,379.18
2023-05-09,377.71,377.54
2023-05-10,380.28,379.19
2023-05-11,378.47,378.66
2023-05-12,379.85,378.15
2023-05-15,378.74,379.46
2023-05-16,378.39,376.95
2023-05-17,378.85,381.45
2023-05-18,381.26,385.18
2023-05-19,386.02,384.57
2023-05-22,384.66,384.78
2023-05-23,383.19,380.48
2023-05-24,378.91,377.63
2023-05-25,380.99,380.92
2023-05-26,381.64,385.87
2023-05-30,387.76,385.99
2023-05-31,384.31,383.89
2023-06-01,384.2,387.57
2023-06-02,390.08,393.26
2023-06-05,393.54,392.5
2023-06-06,392.05,393.31
2023-06-07,393.67,392.02
2023-06-08,391.96,394.37
2023-06-09,395.05,395.03
2023-06-12,395.98,398.66
2023-06-13,400.019,401.29
2023-06-14,401.61,401.6
2023-06-15,401.0,406.75
2023-06-16,408.69,405.25
2023-06-20,403.49,403.38
2023-06-21,402.31,401.17
2023-06-22,400.28,402.63
2023-06-23,399.33,399.61
2023-06-26,399.04,397.96
2023-06-27,398.8,402.37
2023-06-28,401.35,402.55
2023-06-29,400.6,402.51
2023-06-30,405.4,407.28
2023-07-03,406.92,408.06
2023-07-05,406.01,407.15
2023-07-06,403.78,403.83
2023-07-07,403.03,402.89
2023-07-10,402.63,403.97
2023-07-11,404.77,406.56
2023-07-12,410.19,409.76
2023-07-13,411.54,413.1
2023-07-14,413.94,412.77
2023-07-17,412.65,414.21
2023-07-18,413.91,417.35
2023-07-19,418.07,418.25
2023-07-20,417.3,415.52
2023-07-21,417.11,415.57
2023-07-24,416.58,417.33
2023-07-25,417.08,418.56
2023-07-26,417.62,418.66
2023-07-27,421.79,415.82
2023-07-28,418.93,419.87
2023-07-31,420.32,420.68
2023-08-01,419.26,419.38
2023-08-02,416.46,413.57
2023-08-03,411.68,412.4
2023-08-04,414.15,410.38
2023-08-07,412.29,414.08
2023-08-08,411.76,412.29
2023-08-09,412.66,409.55
2023-08-10,411.8,409.79
2023-08-11,407.95,409.41
2023-08-14,408.56,411.72
2023-08-15,410.09,407.0
2023-08-16,406.59,403.99
2023-08-17,405.33,400.72
2023-08-18,398.17,401.09
2023-08-21,402.14,403.74
2023-08-22,405.35,402.61
2023-08-23,403.56,406.95
2023-08-24,408.6,401.54
2023-08-25,403.08,404.2
2023-08-28,406.36,406.86
2023-08-29,406.78,412.64
2023-08-30,413.03,414.36
2023-08-31,414.982,413.83
2023-09-01,416.46,414.71
2023-09-05,414.2,412.9
2023-09-06,412.1,410.05
2023-09-07,407.17,408.83
2023-09-08,408.82,409.39
2023-09-11,411.88,412.08
2023-09-12,410.7,409.87
2023-09-13,410.03,410.35
2023-09-14,412.67,413.9
2023-09-15,412.34,408.74
2023-09-18,408.58,409.19
2023-09-19,408.22,408.37
2023-09-20,409.46,404.55
2023-09-21,401.8,397.92
2023-09-22,398.795,396.96
2023-09-25,395.76,398.61
2023-09-26,395.72,392.76
2023-09-27,393.84,392.85
2023-09-28,390.87,393.64
2023-09-29,396.62,392.7
2023-10-02,391.9,392.67
2023-10-03,390.58,387.39
2023-10-04,387.73,390.24
2023-10-05,389.89,389.91
2023-10-06,387.69,394.56
2023-10-09,392.8,397.19
2023-10-10,397.77,399.24
2023-10-11,400.27,400.93
2023-10-12,401.48,398.52
2023-10-13,399.81,396.42
2023-10-16,398.57,400.57
2023-10-17,397.63,400.58
2023-10-18,398.89,395.22
2023-10-19,395.97,391.87
2023-10-20,391.38,386.99
2023-10-23,385.48,386.31
2023-10-24,388.28,389.2
2023-10-25,387.6,383.71
2023-10-26,382.63,379.0
2023-10-27,380.53,377.32
2023-10-30,379.91,381.86
2023-10-31,382.35,384.17
2023-11-01,385.09,388.4
2023-11-02,391.93,395.78
2023-11-03,397.92,399.44
2023-11-06,400.12,400.21
2023-11-07,400.26,401.34
2023-11-08,401.99,401.67
2023-11-09,402.81,398.64
2023-11-10,400.59,404.86
2023-11-13,403.59,404.45
2023-11-14,410.04,412.22
2023-11-15,413.54,413.12
2023-11-16,412.74,413.7
2023-11-17,413.94,414.31
2023-11-20,413.99,417.43
2023-11-21,416.4,416.34
2023-11-22,418.07,418.14
2023-11-24,418.19,418.37
2023-11-27,417.79,417.64
2023-11-28,417.25,418.05
2023-11-29,420.059,417.78
2023-11-30,418.54,419.4
2023-12-01,418.83,421.86
2023-12-04,418.65,419.74
2023-12-05,418.34,419.61
2023-12-06,421.61,417.86
2023-12-07,419.81,421.13
2023-12-08,420.37,422.92
2023-12-11,422.41,424.56
2023-12-12,424.22,426.67
2023-12-13,426.88,432.48
2023-12-14,434.22,433.75
2023-12-15,433.19,433.09
2023-12-18,434.64,435.54
2023-12-19,436.04,438.19
2023-12-20,435.51,430.09
2023-12-21,433.13,434.28
2023-12-22,435.46,435.29
2023-12-26,435.666,437.1
2023-12-27,436.895,437.9
2023-12-28,438.25,437.97
2023-12-29,437.87,436.8
2024-01-02,433.91,434.01
2024-01-03,432.32,430.79
2024-01-04,430.33,429.43
2024-01-05,429.59,429.98
2024-01-08,430.45,436.13
2024-01-09,433.62,435.07
2024-01-10,435.77,437.94
2024-01-11,438.94,437.79
2024-01-12,439.11,437.99
2024-01-16,436.79,436.5
2024-01-17,433.6,434.07
2024-01-18,435.58,437.93
2024-01-19,439.0,443.29
2024-01-22,444.77,444.3
2024-01-23,444.83,445.62
2024-01-24,448.32,445.99
2024-01-25,448.14,448.5
2024-01-26,448.1,448.23
2024-01-29,448.23,451.49
2024-01-30,450.84,451.17
2024-01-31,449.04,443.82
2024-02-01,445.35,449.66
2024-02-02,450.01,454.28
2024-02-05,453.73,452.62
2024-02-06,453.58,454.03
2024-02-07,456.15,457.76
2024-02-08,457.81,458.07
2024-02-09,458.54,460.67
2024-02-12,460.61,460.46
2024-02-13,454.48,453.97
2024-02-14,456.575,458.29
2024-02-15,458.9,461.39
2024-02-16,461.08,459.03
2024-02-20,457.44,456.51
2024-02-21,455.32,456.97
2024-02-22,463.22,466.57
2024-02-23,468.09,466.78
2024-02-26,467.19,465.07
2024-02-27,465.71,465.93
2024-02-28,464.49,465.21
2024-02-29,466.97,466.93
2024-03-01,467.83,471.43
2024-03-04,470.61,470.87
2024-03-05,468.95,466.15
2024-03-06,469.25,468.62
2024-03-07,471.63,473.26
2024-03-08,473.77,470.39
2024-03-11,469.2,470.0
2024-03-12,471.92,475.03
2024-03-13,475.31,474.31
2024-03-14,475.16,473.27
2024-03-15,470.41,470.01
2024-03-18,473.95,472.95
2024-03-19,472.2,475.6
2024-03-20,475.54,479.75
2024-03-21,482.62,481.35
2024-03-22,479.87,479.18
2024-03-25,477.73,477.94
2024-03-26,479.06,476.6
2024-03-27,479.51,480.76
2024-03-28,480.87,480.7
2024-04-01,481.44,480.07
2024-04-02,476.33,476.93
2024-04-03,475.84,477.36
2024-04-04,481.2,471.48
2024-04-05,472.85,476.49
2024-04-08,477.15,476.68
2024-04-09,478.38,477.27
2024-04-10,471.91,472.65
2024-04-11,473.98,476.06
2024-04-12,472.77,469.57
2024-04-15,473.47,463.61
2024-04-16,464.05,462.78
2024-04-17,465.11,459.99
2024-04-18,461.36,458.94
2024-04-19,458.99,455.1
2024-04-22,457.55,459.05
2024-04-23,461.18,464.84
2024-04-24,465.57,464.5
2024-04-25,458.77,462.58
2024-04-26,465.33,467.21
2024-04-29,468.84,468.84
2024-04-30,467.42,461.43
2024-05-01,460.77,459.93
2024-05-02,463.36,464.22
2024-05-03,469.76,469.98
2024-05-06,472.22,474.72
2024-05-07,475.7,475.4
2024-05-08,473.59,475.42
2024-05-09,475.59,478.15
2024-05-10,479.69,478.74
2024-05-13,480.35,478.77
2024-05-14,478.98,481.04
2024-05-15,483.34,486.9
2024-05-16,487.05,485.97
2024-05-17,486.09,486.69
2024-05-20,486.78,487.17
2024-05-21,486.53,488.48
2024-05-22,487.79,487.06
2024-05-23,489.91,483.44
2024-05-24,485.18,486.73
2024-05-28,487.4,487.12
2024-05-29,483.19,483.69
2024-05-30,482.12,480.44
2024-05-31,481.24,484.62
2024-06-03,486.3,485.15
2024-06-04,484.0,485.74
2024-06-05,487.87,491.55
2024-06-06,491.84,491.44
2024-06-07,490.55,490.8
2024-06-10,490.17,492.41
2024-06-11,490.99,493.53
2024-06-12,497.93,497.64
2024-06-13,499.3,498.58
2024-06-14,497.26,498.98
2024-06-17,498.48,502.94
2024-06-18,503.05,504.28
2024-06-20,505.14,502.88
2024-06-21,502.1,501.78
2024-06-24,502.03,500.43
2024-06-25,501.71,502.51
2024-06-26,501.47,503.07
2024-06-27,503.0,503.85
2024-06-28,502.97,500.13
2024-07-01,501.49,501.28
2024-07-02,499.69,504.53
2024-07-03,504.22,506.81
2024-07-05,507.13,509.84
2024-07-08,510.5,510.33
2024-07-09,511.21,510.89
2024-07-10,511.98,515.81
2024-07-11,516.0,511.39
2024-07-12,512.49,514.55
2024-07-15,516.58,516.11
2024-07-16,517.33,519.04
2024-07-17,513.56,511.79
2024-07-18,513.25,507.94
2024-07-19,507.64,504.55
2024-07-22,508.27,509.79
2024-07-23,509.66,508.94
2024-07-24,504.43,497.29
2024-07-25,497.55,494.78
2024-07-26,498.36,500.33
2024-07-29,501.82,500.7
2024-07-30,502.05,498.08
2024-07-31,504.48,505.93
2024-08-01,507.84,499.03
2024-08-02,492.41,489.91
2024-08-05,470.17,475.2
2024-08-06,477.39,479.94
2024-08-07,485.7,476.61
2024-08-08,481.49,487.73
2024-08-09,486.93,489.82
2024-08-12,490.94,490.07
2024-08-13,493.14,498.21
2024-08-14,498.92,499.8
2024-08-15,505.09,508.38
2024-08-16,506.84,509.45
2024-08-19,509.86,514.35
2024-08-20,513.92,513.5
2024-08-21,514.47,515.3
2024-08-22,517.05,511.13
2024-08-23,514.33,516.66
2024-08-26,517.64,515.39
2024-08-27,514.26,516.08
2024-08-28,515.8,513.13
2024-08-29,514.99,513.21
2024-08-30,515.42,518.04
2024-09-03,515.12,507.56
2024-09-04,505.68,506.3
2024-09-05,506.36,505.05
2024-09-06,505.34,496.64
2024-09-09,500.6,502.23
2024-09-10,503.95,504.3
2024-09-11,504.31,509.46
2024-09-12,510.09,513.84
2024-09-13,514.43,516.57
2024-09-16,516.34,517.35
2024-09-17,519.44,517.59
2024-09-18,518.18,515.91
2024-09-19,524.88,524.91
2024-09-20,523.51,523.88
2024-09-23,525.0,525.17
2024-09-24,526.01,526.68
2024-09-25,526.61,525.61
2024-09-26,529.67,527.7
2024-09-27,527.09,525.38
2024-09-30,524.32,527.67
2024-10-01,527.04,522.74
2024-10-02,521.85,522.83
2024-10-03,521.56,521.84
2024-10-04,526.16,526.65
2024-10-07,525.14,521.91
2024-10-08,524.32,526.85
2024-10-09,526.87,530.45
2024-10-10,529.27,529.56
2024-10-11,529.5,532.71
2024-10-14,534.25,537.07
2024-10-15,537.38,532.98
2024-10-16,532.93,535.22
2024-10-17,538.62,535.3
2024-10-18,536.9,537.36
2024-10-21,536.72,536.53
2024-10-22,534.11,536.16
2024-10-23,534.28,531.27
2024-10-24,533.17,532.47
2024-10-25,534.65,532.26
2024-10-28,535.53,533.92
2024-10-29,533.12,534.77
2024-10-30,534.35,533.16
2024-10-31,529.09,522.67
2024-11-01,525.16,524.94
2024-11-04,525.06,523.8
2024-11-05,524.72,530.1
2024-11-06,541.65,543.3
2024-11-07,545.22,547.53
2024-11-08,548.07,549.95
2024-11-11,551.43,550.4
2024-11-12,550.39,548.75
2024-11-13,549.16,549.03
2024-11-14,549.1,545.54
2024-11-15,542.13,538.5
2024-11-18,538.92,540.73
2024-11-19,537.5,542.7
2024-11-20,542.78,542.9
2024-11-21,545.58,545.64
2024-11-22,545.82,547.47
2024-11-25,551.2,549.23
2024-11-26,550.5,552.31
2024-11-27,552.04,550.55
2024-11-29,551.29,553.45
2024-12-02,554.36,555.01
2024-12-03,554.8,555.14
2024-12-04,556.83,558.64
2024-12-05,558.63,557.71
2024-12-06,558.47,558.82
2024-12-09,558.71,555.91
2024-12-10,556.58,554.33
2024-12-11,556.92,558.53
2024-12-12,557.67,555.65
2024-12-13,557.51,555.61
2024-12-16,557.13,557.79
2024-12-17,555.47,555.45
2024-12-18,555.3,539.14
2024-12-19,543.69,538.94
2024-12-20,536.61,545.04
2024-12-23,543.31,547.19
2024-12-24,548.06,552.82
2024-12-26,551.23,552.81
2024-12-27,549.37,547.08
2024-12-30,540.56,540.99
2024-12-31,542.45,538.81
2025-01-02,541.92,537.46
2025-01-03,540.19,544.4
2025-01-06,548.28,547.57
2025-01-07,549.32,541.41
2025-01-08,541.32,542.14
2025-01-10,538.71,533.89
2025-01-13,529.4,534.58
2025-01-14,537.32,535.26
2025-01-15,542.84,545.05
2025-01-16,546.35,544.24
2025-01-17,548.92,549.46
2025-01-21,552.32,554.46
2025-01-22,557.19,557.61
2025-01-23,557.04,560.7
2025-01-24,560.76,559.01
2025-01-27,546.93,551.23
2025-01-28,552.3,555.85
2025-01-29,555.17,553.41
2025-01-30,555.37,556.3
2025-01-31,558.62,553.33
2025-02-03,544.99,549.7
2025-02-04,549.7,553.35
2025-02-05,552.34,555.62
2025-02-06,557.29,557.62
2025-02-07,558.1,552.2
2025-02-10,555.44,556.15
2025-02-11,554.1,556.65
2025-02-12,551.0,554.81
2025-02-13,555.87,560.67
2025-02-14,560.9,560.69
2025-02-18,561.8,562.31
2025-02-19,561.02,563.67
2025-02-20,562.39,561.3
2025-02-21,561.1,551.75
2025-02-24,553.61,549.14
2025-02-25,549.18,546.41
2025-02-26,548.01,546.75
2025-02-27,548.83,537.97
2025-02-28,538.42,546.33
2025-03-03,548.2,536.92
2025-03-04,533.06,530.45
2025-03-05,530.25,536.4
2025-03-06,529.19,526.67
2025-03-07,524.9,529.51
2025-03-10,521.9,515.51
2025-03-11,514.33,511.28
2025-03-12,516.89,513.76
2025-03-13,513.51,507.05
2025-03-14,511.28,517.46
2025-03-17,517.45,521.41
2025-03-18,519.32,515.91
2025-03-19,517.54,521.33
2025-03-20,517.96,520.13
2025-03-21,515.79,520.26
2025-03-24,526.48,529.39
2025-03-25,530.59,530.65
2025-03-26,530.56,524.46
2025-03-27,521.29,521.21
2025-03-28,519.76,510.8
2025-03-31,505.31,513.91
2025-04-01,512.36,515.8
2025-04-02,510.14,518.91
2025-04-03,501.0,494.16
2025-04-04,481.28,465.52
2025-04-07,449.54,463.56
2025-04-08,479.68,456.74
2025-04-09,453.49,499.1
2025-04-10,489.305,482.06
2025-04-11,480.69,490.55
2025-04-14,500.05,495.48
2025-04-15,496.03,494.09
2025-04-16,488.65,483.23
2025-04-17,484.79,483.9
2025-04-21,479.02,472.37
2025-04-22,478.07,484.29
2025-04-23,496.69,492.07
2025-04-24,493.26,502.41
2025-04-25,502.44,506.11
2025-04-28,506.81,506.42
2025-04-29,504.54,509.49
2025-04-30,503.26,509.74
2025-05-01,515.13,513.35
2025-05-02,519.12,520.71
2025-05-05,517.08,517.99
2025-05-06,512.89,513.58
2025-05-07,514.92,515.9
2025-05-08,519.54,519.34
2025-05-09,520.69,518.65
2025-05-12,534.5,535.92
2025-05-13,536.33,539.44
2025-05-14,540.37,540.11
2025-05-15,538.26,542.76
2025-05-16,543.47,546.26
2025-05-19,540.63,546.82
2025-05-20,545.22,544.88
2025-05-21,540.91,535.77
2025-05-22,535.6,536.02
2025-05-23,529.43,532.4
2025-05-27,538.72,543.34
2025-05-28,543.79,540.24
2025-05-29,545.15,542.32
2025-05-30,541.35,541.76
2025-06-02,540.25,544.91
2025-06-03,544.53,548.0
2025-06-04,548.75,547.65
2025-06-05,549.48,545.09
2025-06-06,550.3,550.66
2025-06-09,551.3,551.25
2025-06-10,551.78,554.39
2025-06-11,555.41,552.86
2025-06-12,551.6,554.95
2025-06-13,550.24,548.77
2025-06-16,551.94,554.07
2025-06-17,551.79,549.35
2025-06-18,550.16,549.24
2025-06-20,551.72,547.72
2025-06-23,548.66,553.36
2025-06-24,557.18,559.44
2025-06-25,560.52,559.72
2025-06-26,561.52,564.15
2025-06-27,565.11,566.95
2025-06-30,567.5,568.03
2025-07-01,566.56,567.77
2025-07-02,567.37,570.29
2025-07-03,572.18,575.22
2025-07-07,573.0,570.61
2025-07-08,571.15,570.23
2025-07-09,572.46,573.61
2025-07-10,573.78,575.29
2025-07-11,572.45,573.22
2025-07-14,572.85,574.35
2025-07-15,576.85,571.86
2025-07-16,573.4,573.74
2025-07-17,574.02,577.18
2025-07-18,578.47,576.92
2025-07-21,577.98,577.95
2025-07-22,578.28,577.95
2025-07-23,580.57,582.86
2025-07-24,583.34,583.26
2025-07-25,583.81,585.58
2025-07-28,586.04,585.44
2025-07-29,586.82,583.92
2025-07-30,584.66,583.21
2025-07-31,587.83,581.02
2025-08-01,575.73,571.45
2025-08-04,575.17,580.14
2025-08-05,580.79,577.35
2025-08-06,578.25,581.64
2025-08-07,584.87,581.29
2025-08-08,582.93,585.74
2025-08-11,586.03,584.54
2025-08-12,586.75,590.78
2025-08-13,592.86,592.84
2025-08-14,590.92,592.85
2025-08-15,593.86,591.57
2025-08-18,590.98,591.36
2025-08-19,591.25,588.13
2025-08-20,587.81,586.58
2025-08-21,584.93,584.27
2025-08-22,586.27,593.21
2025-08-25,592.05,590.7
2025-08-26,590.38,593.06
2025-08-27,592.52,594.42
2025-08-28,595.07,596.52
2025-08-29,595.24,593.08
2025-09-02,586.06,588.71
2025-09-03,590.81,591.72
2025-09-04,592.47,596.59
2025-09-05,598.91,594.96
2025-09-08,596.31,596.5
2025-09-09,596.61,597.95
2025-09-10,600.92,599.68
2025-09-11,601.43,604.57
2025-09-12,604.59,604.44
2025-09-15,606.47,607.59
2025-09-16,608.16,606.79
2025-09-17,606.84,606.09
2025-09-18,608.55,608.94
2025-09-19,610.62,611.78
2025-09-22,610.52,614.76
2025-09-23,614.705,611.54
2025-09-24,612.63,609.5
2025-09-25,606.62,606.59
2025-09-26,608.03,610.16
2025-09-29,610.79,610.13
2025-09-30,609.43,612.38
2025-10-01,609.7,614.57
2025-10-02,616.41,615.25
2025-10-03,615.95,615.3
2025-10-06,617.46,617.4
2025-10-07,618.3,615.2
2025-10-08,616.215,618.77
2025-10-09,619.23,617.1
2025-10-10,617.99,600.51
2025-10-13,607.37,609.61
2025-10-14,604.2,608.75
2025-10-15,613.07,611.43
2025-10-16,613.11,607.39
2025-10-17,606.34,610.76
2025-10-20,613.51,617.17
2025-10-21,617.33,617.09
2025-10-22,617.83,613.97
2025-10-23,614.25,617.44
2025-10-24,621.92,622.55
2025-10-27,627.74,630.0
2025-10-28,631.71,631.69
2025-10-29,633.21,631.95
2025-10-30,628.81,625.24
2025-10-31,629.84,627.04
2025-11-03,630.42,628.27
2025-11-04,621.65,620.99
2025-11-05,620.59,622.86
2025-11-06,621.96,616.24
2025-11-07,614.09,616.89
2025-11-10,622.69,626.47
2025-11-11,625.16,627.91
2025-11-12,629.65,628.22
2025-11-13,625.67,617.99
2025-11-14,611.75,617.83
2025-11-17,615.74,612.04
2025-11-18,608.72,607.0
2025-11-19,607.52,609.2
2025-11-20,618.72,599.96
2025-11-21,602.25,605.93
2025-11-24,609.28,614.94
2025-11-25,614.78,620.66
2025-11-26,623.06,624.95
2025-11-28,626.025,628.41
2025-12-01,624.17,625.52
2025-12-02,627.01,626.58
2025-12-03,625.77,628.77
2025-12-04,630.13,629.3
2025-12-05,630.3,630.48
2025-12-08,631.36,628.61
2025-12-09,628.18,628.1
2025-12-10,627.63,632.16
2025-12-11,630.0,633.71
2025-12-12,632.8,626.87
2025-12-15,630.56,625.96
2025-12-16,624.55,624.21
2025-12-17,625.19,617.35
2025-12-18,623.05,622.01
2025-12-19,623.98,627.56
2025-12-22,628.965,629.73
2025-12-23,628.94,632.67
2025-12-24,632.67,634.78
2025-12-26,635.14,634.84
2025-12-29,632.3,632.6
2025-12-30,632.2,631.72
2025-12-31,631.94,627.13
2026-01-02,630.635,628.3
2026-01-05,631.38,632.46
2026-01-06,632.64,636.21
2026-01-07,636.58,634.17
2026-01-08,633.48,634.06
2026-01-09,635.15,638.31
2026-01-12,635.19,639.34
2026-01-13,639.68,638.03
2026-01-14,635.49,634.94
2026-01-15,638.77,636.62
2026-01-16,637.96,636.09
2026-01-20,626.76,623.15
2026-01-21,625.02,630.29
2026-01-22,634.43,633.57
2026-01-23,632.88,633.83
2026-01-26,635.03,637.09
2026-01-27,638.42,639.7
2026-01-28,641.05,639.6
2026-01-29,640.43,638.27
2026-01-30,636.25,636.22
2026-02-02,634.18,639.68
2026-02-03,640.33,634.15
2026-02-04,634.93,630.91
2026-02-05,626.24,623.1
2026-02-06,626.72,635.24
2026-02-09,634.07,638.23
2026-02-10,639.14,636.44
2026-02-11,640.49,636.35
2026-02-12,638.51,626.49
2026-02-13,626.93,626.89
2026-02-17,625.54,627.99
2026-02-18,629.11,631.15
2026-02-19,628.95,629.53
2026-02-20,627.48,634.02
2026-02-23,632.61,627.63
2026-02-24,627.15,632.21
2026-02-25,634.77,637.53
2026-02-26,637.65,633.95
2026-02-27,628.24,631.04
2026-03-02,624.185,631.28
2026-03-03,620.81,625.72
2026-03-04,626.92,630.18
2026-03-05,627.29,626.81
2026-03-06,619.335,618.43
2026-03-09,612.86,623.8
2026-03-10,623.32,622.72
2026-03-11,623.2,622.03
2026-03-12,617.22,612.5
2026-03-13,615.54,609.09
2026-03-16,614.72,615.19
2026-03-17,618.37,616.89
2026-03-18,614.69,608.38
2026-03-19,604.14,606.75
2026-03-20,605.43,597.94
2026-03-23,606.86,604.43
2026-03-24,600.63,602.38
2026-03-25,607.4,605.66
2026-03-26,601.295,594.92
2026-03-27,590.68,582.96
2026-03-30,588.39,580.93
2026-03-31,587.35,597.55
2026-04-01,601.06,602.3
2026-04-02,594.23,602.99
2026-04-06,602.92,605.67
2026-04-07,603.58,606.04
2026-04-08,621.795,621.34
2026-04-09,620.34,625.02
2026-04-10,626.325,624.6
2026-04-13,622.75,630.72
2026-04-14,632.225,638.35
2026-04-15,639.19,643.45
2026-04-16,644.51,644.86
2026-04-17,649.18,652.78
2026-04-20,651.62,651.54
2026-04-21,652.94,647.25
2026-04-22,651.98,653.9
2026-04-23,652.23,651.26
2026-04-24,653.4,656.42
2026-04-27,655.67,657.5
2026-04-28,654.41,654.26
2026-04-29,653.62,654.24
2026-04-30,657.0,660.58
2026-05-01,663.09,662.52
2026-05-04,661.99,660.12
2026-05-05,663.58,665.3
2026-05-06,669.45,674.66
2026-05-07,675.82,672.54
2026-05-08,675.7,678.04
2026-05-11,677.08,679.52
2026-05-12,677.47,678.67
2026-05-13,678.9,682.41
2026-05-14,683.74,687.73
2026-05-15,682.04,679.44
2026-05-18,680.18,678.91
2026-05-19,675.56,674.59
2026-05-20,676.32,681.57
2026-05-21,679.08,682.84
2026-05-22,686.1,685.55
2026-05-26,689.65,690.01
2026-05-27,690.36,689.96
2026-05-28,689.76,693.91
2026-05-29,695.0,695.49
2026-06-01,694.54,697.3
2026-06-02,696.06,698.26
2026-06-03,697.08,693.36
2026-06-04,691.36,696.06
2026-06-05,691.71,678.0
2026-06-08,683.47,679.68
2026-06-09,683.71,677.7
2026-06-10,674.315,667.05
2026-06-11,670.1,678.23
2026-06-12,681.075,681.95
2026-06-15,691.3,693.83
2026-06-16,693.83,689.75
2026-06-17,690.76,681.41
2026-06-18,689.3,688.11
2026-06-22,689.17,686.1
2026-06-23,676.355,676.34
2026-06-24,677.68,675.69
2026-06-25,681.14,675.71
2026-06-26,669.96,670.26
2026-06-29,677.01,681.01
2026-06-30,681.32,686.81
2026-07-01,684.73,685.46
2026-07-02,686.98,684.84
2026-07-06,688.11,690.62
2026-07-07,689.58,687.08
2026-07-08,683.1,685.26
2026-07-09,686.95,690.69
2026-07-10,691.25,693.86
2026-07-13,691.6,688.5
2026-07-14,690.21,691.1
2026-07-15,693.27,693.8
2026-07-16,691.98,690.14
2026-07-17,682.12,683.17
2026-07-20,686.67,687.45
